Date,Open,High,Low,Close,Adj Close,Volume
2017-01-20,12.58,12.59,11.53,11.54,11.54,0
2017-01-23,12.30,12.62,11.59,11.77,11.77,0
2017-01-24,11.82,11.89,11.04,11.07,11.07,0
2017-01-25,10.79,11.05,10.51,10.81,10.81,0
2017-01-26,10.61,11.01,10.60,10.63,10.63,0
2017-01-27,10.57,10.82,10.30,10.58,10.58,0
2017-01-30,11.10,12.90,11.10,11.88,11.88,0
2017-01-31,12.29,12.99,11.79,11.99,11.99,0
2017-02-01,11.79,12.05,9.97,11.81,11.81,0
2017-02-02,12.37,12.47,11.62,11.93,11.93,0
2017-02-03,11.84,11.84,10.72,10.97,10.97,0
2017-02-06,11.37,11.84,11.09,11.37,11.37,0
2017-02-07,11.39,11.67,11.06,11.29,11.29,0
2017-02-08,11.19,11.82,11.15,11.45,11.45,0
2017-02-09,11.44,11.53,10.74,10.88,10.88,0
2017-02-10,10.85,10.95,10.55,10.85,10.85,0
2017-02-13,11.36,11.40,11.07,11.07,11.07,0
2017-02-14,11.17,11.34,10.73,10.74,10.74,0
2017-02-15,10.84,12.01,10.80,11.97,11.97,0
2017-02-16,12.02,12.86,11.69,11.76,11.76,0
2017-02-17,11.84,12.26,11.37,11.49,11.49,0
2017-02-21,12.05,12.09,11.50,11.57,11.57,0
2017-02-22,11.48,12.07,11.44,11.74,11.74,0
2017-02-23,11.66,12.46,11.54,11.71,11.71,0
2017-02-24,11.81,12.59,11.34,11.47,11.47,0
2017-02-27,11.78,12.14,11.53,12.09,12.09,0
2017-02-28,12.19,12.96,12.13,12.92,12.92,0
2017-03-01,12.31,12.58,11.78,12.54,12.54,0
2017-03-02,12.43,12.71,11.32,11.81,11.81,0
2017-03-03,11.96,11.97,10.94,10.96,10.96,0
2017-03-06,11.59,11.72,11.06,11.24,11.24,0
2017-03-07,11.27,11.58,11.04,11.45,11.45,0
2017-03-08,11.49,11.86,11.09,11.86,11.86,0
2017-03-09,11.75,12.43,11.62,12.30,12.30,0
2017-03-10,11.97,12.09,11.46,11.66,11.66,0
2017-03-13,12.16,12.23,11.29,11.35,11.35,0
2017-03-14,11.39,12.54,11.28,12.30,12.30,0
2017-03-15,12.12,12.25,10.60,11.63,11.63,0
2017-03-16,11.29,11.55,11.16,11.21,11.21,0
2017-03-17,11.38,11.38,10.78,11.28,11.28,0
2017-03-20,11.71,11.72,11.03,11.34,11.34,0
2017-03-21,11.15,12.85,10.92,12.47,12.47,0
2017-03-22,12.95,13.16,11.99,12.81,12.81,0
2017-03-23,12.65,13.17,12.18,13.12,13.12,0
2017-03-24,12.86,14.16,12.27,12.96,12.96,0
2017-03-27,14.78,15.11,12.48,12.50,12.50,0
2017-03-28,12.44,12.67,11.34,11.53,11.53,0
2017-03-29,11.54,11.70,11.03,11.42,11.42,0
2017-03-30,11.37,11.64,11.12,11.54,11.54,0
2017-03-31,11.61,12.54,11.50,12.37,12.37,0
2017-04-03,12.59,13.59,12.27,12.38,12.38,0
2017-04-04,12.71,13.07,11.70,11.79,11.79,0
2017-04-05,11.89,12.89,10.90,12.89,12.89,0
2017-04-06,13.11,13.22,11.70,12.39,12.39,0
2017-04-07,13.17,13.43,12.23,12.87,12.87,0
2017-04-10,13.24,14.11,12.94,14.05,14.05,0
2017-04-11,14.32,15.88,14.17,15.07,15.07,0
2017-04-12,15.16,16.16,14.84,15.77,15.77,0
2017-04-13,15.89,16.22,14.97,15.96,15.96,0
2017-04-17,16.19,16.28,14.60,14.66,14.66,0
2017-04-18,14.50,15.50,14.29,14.42,14.42,0
2017-04-19,14.00,15.15,13.46,14.93,14.93,0
2017-04-20,14.59,14.81,13.83,14.15,14.15,0
2017-04-21,13.85,15.33,13.85,14.63,14.63,0
2017-04-24,11.56,12.01,10.82,10.84,10.84,0
2017-04-25,10.81,11.15,10.22,10.76,10.76,0
2017-04-26,10.61,10.89,10.39,10.85,10.85,0
2017-04-27,10.72,11.08,10.33,10.36,10.36,0
2017-04-28,10.39,11.16,10.29,10.82,10.82,0
2017-05-01,10.92,11.04,9.90,10.11,10.11,0
2017-05-02,10.15,10.59,10.04,10.59,10.59,0
2017-05-03,10.56,11.15,10.40,10.68,10.68,0
2017-05-04,10.71,11.24,10.27,10.46,10.46,0
2017-05-05,10.51,10.98,9.99,10.57,10.57,0
2017-05-08,10.53,10.55,9.67,9.77,9.77,0
2017-05-09,9.87,10.14,9.56,9.96,9.96,0
2017-05-10,9.75,10.24,9.62,10.21,10.21,0
2017-05-11,10.34,11.23,10.32,10.60,10.60,0
2017-05-12,10.72,10.87,10.28,10.40,10.40,0
2017-05-15,10.54,10.88,10.25,10.42,10.42,0
2017-05-16,10.46,10.67,10.18,10.65,10.65,0
2017-05-17,11.89,15.59,11.53,15.59,15.59,0
2017-05-18,14.06,16.30,14.03,14.66,14.66,0
2017-05-19,14.23,14.23,11.72,12.04,12.04,0
2017-05-22,12.29,12.52,10.89,10.93,10.93,0
2017-05-23,11.00,11.00,10.56,10.72,10.72,0
2017-05-24,10.61,10.90,9.88,10.02,10.02,0
2017-05-25,9.82,10.29,9.72,9.99,9.99,0
2017-05-26,9.93,10.48,9.65,9.81,9.81,0
2017-05-30,10.61,10.84,10.14,10.38,10.38,0
2017-05-31,10.10,11.30,9.93,10.41,10.41,0
2017-06-01,10.42,10.54,9.69,9.89,9.89,0
2017-06-02,10.08,10.30,9.58,9.75,9.75,0
2017-06-05,10.08,10.28,9.60,10.07,10.07,0
2017-06-06,10.19,10.77,9.86,10.45,10.45,0
2017-06-07,10.48,10.93,10.12,10.39,10.39,0
2017-06-08,10.27,10.53,9.73,10.16,10.16,0
2017-06-09,9.93,12.11,9.37,10.70,10.70,0
2017-06-12,11.19,12.37,11.19,11.46,11.46,0
2017-06-13,11.12,11.14,10.26,10.42,10.42,0
2017-06-14,10.33,11.26,10.01,10.64,10.64,0
2017-06-15,11.06,12.01,10.74,10.90,10.90,0
2017-06-16,10.63,11.35,10.26,10.38,10.38,0
2017-06-19,10.57,10.60,10.01,10.37,10.37,0
2017-06-20,10.28,11.15,10.24,10.86,10.86,0
2017-06-21,11.03,11.40,10.40,10.75,10.75,0
2017-06-22,10.81,11.01,10.24,10.48,10.48,0
2017-06-23,10.25,10.69,9.85,10.02,10.02,0
2017-06-26,10.13,10.44,9.68,9.90,9.90,0
2017-06-27,10.04,11.31,9.80,11.06,11.06,0
2017-06-28,11.17,11.49,9.76,10.03,10.03,0
2017-06-29,9.79,15.16,9.73,11.44,11.44,0
2017-06-30,11.74,11.85,10.40,11.18,11.18,0
2017-07-03,11.07,11.45,10.28,11.22,11.22,0
2017-07-05,11.20,12.03,10.79,11.07,11.07,0
2017-07-06,11.20,13.05,11.18,12.54,12.54,0
2017-07-07,12.48,12.57,10.98,11.19,11.19,0
2017-07-10,11.26,11.73,10.61,11.11,11.11,0
2017-07-11,10.79,12.14,10.68,10.89,10.89,0
2017-07-12,10.85,10.85,10.08,10.30,10.30,0
2017-07-13,10.07,10.40,9.90,9.90,9.90,0
2017-07-14,10.09,10.14,9.50,9.51,9.51,0
2017-07-17,9.77,10.03,9.71,9.82,9.82,0
2017-07-18,9.86,10.35,9.66,9.89,9.89,0
2017-07-19,9.69,9.94,9.58,9.79,9.79,0
2017-07-20,9.66,10.28,9.50,9.58,9.58,0
2017-07-21,9.52,9.98,9.30,9.36,9.36,0
2017-07-24,9.94,9.97,9.26,9.43,9.43,0
2017-07-25,9.40,9.52,9.04,9.43,9.43,0
2017-07-26,9.25,9.66,8.84,9.60,9.60,0
2017-07-27,9.33,11.50,9.16,10.11,10.11,0
2017-07-28,10.62,11.30,10.26,10.29,10.29,0
2017-07-31,10.53,10.84,10.23,10.26,10.26,0
2017-08-01,10.19,10.56,9.95,10.09,10.09,0
2017-08-02,10.08,10.81,9.80,10.28,10.28,0
2017-08-03,10.47,10.60,9.90,10.44,10.44,0
2017-08-04,10.48,10.50,9.68,10.03,10.03,0
2017-08-07,10.19,10.32,9.76,9.93,9.93,0
2017-08-08,10.04,11.52,9.52,10.96,10.96,0
2017-08-09,11.49,12.63,11.11,11.11,11.11,0
2017-08-10,11.57,16.17,11.56,16.04,16.04,0
2017-08-11,16.17,17.28,14.50,15.51,15.51,0
2017-08-14,14.05,14.05,12.06,12.33,12.33,0
2017-08-15,11.78,12.37,11.45,12.04,12.04,0
2017-08-16,11.59,12.54,11.25,11.74,11.74,0
2017-08-17,11.81,15.77,11.54,15.55,15.55,0
2017-08-18,15.38,16.04,13.32,14.26,14.26,0
2017-08-21,14.59,14.74,13.07,13.19,13.19,0
2017-08-22,12.60,12.94,11.35,11.35,11.35,0
2017-08-23,11.51,12.59,11.39,12.25,12.25,0
2017-08-24,12.06,12.83,11.55,12.23,12.23,0
2017-08-25,12.20,12.45,11.10,11.28,11.28,0
2017-08-28,12.09,12.11,11.23,11.32,11.32,0
2017-08-29,13.33,14.34,11.48,11.70,11.70,0
2017-08-30,11.40,11.98,10.96,11.22,11.22,0
2017-08-31,11.07,11.22,10.34,10.59,10.59,0
2017-09-01,10.33,10.46,10.02,10.13,10.13,0
2017-09-05,11.75,14.06,11.41,12.23,12.23,0
2017-09-06,12.27,12.59,11.35,11.63,11.63,0
2017-09-07,11.93,12.07,11.32,11.55,11.55,0
2017-09-08,11.87,12.60,11.84,12.12,12.12,0
2017-09-11,11.38,11.39,10.51,10.73,10.73,0
2017-09-12,10.66,10.95,10.29,10.58,10.58,0
2017-09-13,10.72,10.86,10.33,10.50,10.50,0
2017-09-14,10.57,11.04,10.28,10.44,10.44,0
2017-09-15,10.51,10.74,10.00,10.17,10.17,0
2017-09-18,10.18,10.42,9.88,10.15,10.15,0
2017-09-19,10.16,10.30,9.85,10.18,10.18,0
2017-09-20,10.04,10.67,9.67,9.78,9.78,0
2017-09-21,9.74,10.21,9.54,9.67,9.67,0
2017-09-22,9.90,10.20,9.50,9.59,9.59,0
2017-09-25,10.08,11.21,9.79,10.21,10.21,0
2017-09-26,10.42,10.68,9.94,10.17,10.17,0
2017-09-27,9.90,10.42,9.63,9.87,9.87,0
2017-09-28,9.74,10.13,9.55,9.55,9.55,0
2017-09-29,9.59,9.83,9.36,9.51,9.51,0
2017-10-02,9.59,10.04,9.37,9.45,9.45,0
2017-10-03,9.30,9.75,9.30,9.51,9.51,0
2017-10-04,9.53,9.88,9.53,9.63,9.63,0
2017-10-05,9.48,9.62,9.13,9.19,9.19,0
2017-10-06,9.23,10.27,9.11,9.65,9.65,0
2017-10-09,9.92,10.53,9.88,10.33,10.33,0
2017-10-10,10.15,10.66,9.94,10.08,10.08,0
2017-10-11,9.95,10.38,9.72,9.85,9.85,0
2017-10-12,9.94,10.33,9.65,9.91,9.91,0
2017-10-13,9.95,9.98,9.44,9.61,9.61,0
2017-10-16,9.95,10.02,9.75,9.91,9.91,0
2017-10-17,9.85,10.46,9.78,10.31,10.31,0
2017-10-18,10.34,10.41,9.87,10.07,10.07,0
2017-10-19,10.22,11.77,9.99,10.05,10.05,0
2017-10-20,9.92,10.04,9.29,9.97,9.97,0
2017-10-23,10.25,11.08,9.94,11.07,11.07,0
2017-10-24,10.89,11.16,10.39,11.16,11.16,0
2017-10-25,11.34,13.20,10.99,11.23,11.23,0
2017-10-26,11.17,11.81,10.60,11.30,11.30,0
2017-10-27,11.12,11.12,9.74,9.80,9.80,0
2017-10-30,10.28,10.89,10.10,10.50,10.50,0
2017-10-31,10.34,10.37,9.90,10.18,10.18,0
2017-11-01,9.79,10.49,9.74,10.20,10.20,0
2017-11-02,10.44,10.89,9.67,9.93,9.93,0
2017-11-03,9.83,9.91,8.99,9.14,9.14,0
2017-11-06,9.63,9.74,9.38,9.40,9.40,0
2017-11-07,9.31,10.31,9.29,9.89,9.89,0
2017-11-08,9.79,10.27,9.50,9.78,9.78,0
2017-11-09,9.94,12.19,9.79,10.50,10.50,0
2017-11-10,10.78,11.58,10.50,11.29,11.29,0
2017-11-13,11.43,12.18,11.00,11.50,11.50,0
2017-11-14,11.53,12.61,11.45,11.59,11.59,0
2017-11-15,12.52,14.51,12.33,13.13,13.13,0
2017-11-16,12.47,12.52,11.38,11.76,11.76,0
2017-11-17,11.75,12.01,11.16,11.43,11.43,0
2017-11-20,11.96,12.08,10.44,10.65,10.65,0
2017-11-21,10.74,10.78,9.67,9.73,9.73,0
2017-11-22,9.60,9.88,9.32,9.88,9.88,0
2017-11-24,9.82,9.96,8.56,9.67,9.67,0
2017-11-27,10.07,10.26,9.79,9.87,9.87,0
2017-11-28,9.72,10.31,9.53,10.03,10.03,0
2017-11-29,9.91,10.93,9.81,10.70,10.70,0
2017-11-30,10.49,12.05,10.25,11.28,11.28,0
2017-12-01,11.19,14.58,10.54,11.43,11.43,0
2017-12-04,11.05,11.86,10.26,11.68,11.68,0
2017-12-05,11.38,11.67,10.65,11.33,11.33,0
2017-12-06,11.63,11.68,10.86,11.02,11.02,0
2017-12-07,10.90,11.32,10.12,10.16,10.16,0
2017-12-08,10.00,10.06,9.43,9.58,9.58,0
2017-12-11,9.74,10.08,9.28,9.34,9.34,0
2017-12-12,9.36,9.92,9.21,9.92,9.92,0
2017-12-13,9.78,10.21,9.65,10.18,10.18,0
2017-12-14,9.98,10.54,9.78,10.49,10.49,0
2017-12-15,10.12,10.20,9.22,9.42,9.42,0
2017-12-18,9.46,9.89,9.24,9.53,9.53,0
2017-12-19,9.40,10.15,9.18,10.03,10.03,0
2017-12-20,9.69,9.85,8.90,9.72,9.72,0
2017-12-21,9.59,9.86,9.20,9.62,9.62,0
2017-12-22,9.37,10.18,9.35,9.90,9.90,0
2017-12-26,10.19,10.46,10.13,10.25,10.25,0
2017-12-27,10.04,10.79,9.71,10.47,10.47,0
2017-12-28,10.29,10.44,10.07,10.18,10.18,0
2017-12-29,10.03,11.06,9.95,11.04,11.04,0
2018-01-02,10.95,11.07,9.52,9.77,9.77,0
2018-01-03,9.56,9.65,8.94,9.15,9.15,0
2018-01-04,9.01,9.31,8.92,9.22,9.22,0
2018-01-05,9.10,9.54,9.00,9.22,9.22,0
2018-01-08,9.61,9.89,9.32,9.52,9.52,0
2018-01-09,9.41,10.09,9.37,10.08,10.08,0
2018-01-10,10.11,10.85,9.82,9.82,9.82,0
2018-01-11,9.69,10.02,9.62,9.88,9.88,0
2018-01-12,9.74,10.31,9.54,10.16,10.16,0
2018-01-16,10.42,12.41,10.40,11.66,11.66,0
2018-01-17,11.35,12.81,11.18,11.91,11.91,0
2018-01-18,12.01,12.40,11.62,12.22,12.22,0
2018-01-19,12.30,12.33,11.18,11.27,11.27,0
2018-01-22,11.59,11.62,10.84,11.03,11.03,0
2018-01-23,10.77,11.57,10.76,11.10,11.10,0
2018-01-24,11.00,12.19,10.89,11.47,11.47,0
2018-01-25,11.27,12.01,11.20,11.58,11.58,0
2018-01-26,11.40,11.60,11.08,11.08,11.08,0
2018-01-29,11.71,13.84,11.68,13.84,13.84,0
2018-01-30,13.93,15.42,13.88,14.79,14.79,0
2018-01-31,14.23,14.44,13.41,13.54,13.54,0
2018-02-01,13.05,14.30,12.50,13.47,13.47,0
2018-02-02,13.64,17.86,13.64,17.31,17.31,0
2018-02-05,18.44,38.80,16.80,37.32,37.32,0
2018-02-06,37.32,50.30,22.42,29.98,29.98,0
2018-02-07,31.38,31.64,21.17,27.73,27.73,0
2018-02-08,27.29,36.17,24.41,33.46,33.46,0
2018-02-09,32.18,41.06,27.73,29.06,29.06,0
2018-02-12,27.25,29.70,24.42,25.61,25.61,0
2018-02-13,26.94,27.82,24.47,24.97,24.97,0
2018-02-14,23.48,25.72,18.99,19.26,19.26,0
2018-02-15,18.39,20.66,17.60,19.13,19.13,0
2018-02-16,18.74,20.99,17.44,19.46,19.46,0
2018-02-20,20.53,21.61,19.75,20.60,20.60,0
2018-02-21,20.76,21.04,16.97,20.02,20.02,0
2018-02-22,20.57,20.61,18.07,18.72,18.72,0
2018-02-23,17.96,18.80,16.47,16.49,16.49,0
2018-02-26,16.53,16.94,15.80,15.80,15.80,0
2018-02-27,15.83,18.98,15.29,18.59,18.59,0
2018-02-28,18.08,20.44,15.65,19.85,19.85,0
2018-03-01,19.96,25.30,19.57,22.47,22.47,0
2018-03-02,22.47,26.22,19.36,19.59,19.59,0
2018-03-05,21.55,21.57,17.94,18.73,18.73,0
2018-03-06,18.25,19.64,17.68,18.36,18.36,0
2018-03-07,20.11,20.49,17.52,17.76,17.76,0
2018-03-08,17.56,17.68,14.91,16.54,16.54,0
2018-03-09,16.41,16.75,13.31,14.64,14.64,0
2018-03-12,15.28,16.35,15.18,15.78,15.78,0
2018-03-13,15.70,16.98,15.03,16.35,16.35,0
2018-03-14,16.59,17.59,14.94,17.23,17.23,0
2018-03-15,16.99,17.41,15.96,16.59,16.59,0
2018-03-16,16.60,16.72,15.23,15.80,15.80,0
2018-03-19,16.63,21.87,16.56,19.02,19.02,0
2018-03-20,18.38,19.31,18.09,18.20,18.20,0
2018-03-21,17.76,18.37,16.26,17.86,17.86,0
2018-03-22,18.13,23.81,18.12,23.34,23.34,0
2018-03-23,24.02,26.01,21.63,24.87,24.87,0
2018-03-26,23.41,24.54,20.71,21.03,21.03,0
2018-03-27,20.33,24.06,19.84,22.50,22.50,0
2018-03-28,22.52,24.94,21.71,22.87,22.87,0
2018-03-29,22.87,23.05,19.60,19.97,19.97,0
2018-04-02,21.07,25.72,20.44,23.62,23.62,0
2018-04-03,23.03,23.38,20.92,21.10,21.10,0
2018-04-04,21.68,24.51,19.86,20.06,20.06,0
2018-04-05,19.76,20.21,18.57,18.94,18.94,0
2018-04-06,20.33,23.12,18.60,21.49,21.49,0
2018-04-09,21.27,22.02,20.34,21.77,21.77,0
2018-04-10,20.51,21.68,20.24,20.47,20.47,0
2018-04-11,20.95,21.66,19.64,20.24,20.24,0
2018-04-12,19.83,19.92,18.16,18.49,18.49,0
2018-04-13,18.27,18.45,17.26,17.41,17.41,0
2018-04-16,17.59,17.66,16.38,16.56,16.56,0
2018-04-17,16.16,16.27,14.57,15.25,15.25,0
2018-04-18,15.30,16.90,14.95,15.60,15.60,0
2018-04-19,15.55,16.92,15.16,15.96,15.96,0
2018-04-20,16.16,17.50,15.19,16.88,16.88,0
2018-04-23,17.29,17.56,15.79,16.34,16.34,0
2018-04-24,16.16,19.66,15.37,18.02,18.02,0
2018-04-25,18.14,19.84,17.75,17.84,17.84,0
2018-04-26,18.07,18.12,16.24,16.24,16.24,0
2018-04-27,16.22,16.77,15.25,15.41,15.41,0
2018-04-30,15.31,16.35,15.13,15.93,15.93,0
2018-05-01,16.00,16.82,15.42,15.49,15.49,0
2018-05-02,15.48,15.97,14.75,15.97,15.97,0
2018-05-03,15.78,18.66,15.43,15.90,15.90,0
2018-05-04,15.94,16.92,10.91,14.77,14.77,0
2018-05-07,15.05,15.27,14.51,14.75,14.75,0
2018-05-08,14.53,15.56,14.52,14.71,14.71,0
2018-05-09,14.54,14.63,13.38,13.42,13.42,0
2018-05-10,13.36,13.63,12.92,13.23,13.23,0
2018-05-11,13.22,13.44,12.65,12.65,12.65,0
2018-05-14,13.09,13.28,12.81,12.93,12.93,0
2018-05-15,13.13,15.01,12.50,14.63,14.63,0
2018-05-16,14.38,14.91,13.21,13.42,13.42,0
2018-05-17,13.54,13.86,12.65,13.43,13.43,0
2018-05-18,13.18,13.87,13.06,13.42,13.42,0
2018-05-21,12.99,13.59,12.78,13.08,13.08,0
2018-05-22,13.03,13.42,12.77,13.22,13.22,0
2018-05-23,13.50,14.60,12.49,12.58,12.58,0
2018-05-24,12.73,14.24,12.53,12.53,12.53,0
2018-05-25,12.44,13.52,12.29,13.22,13.22,0
2018-05-29,14.39,18.78,14.39,17.02,17.02,0
2018-05-30,16.60,16.64,14.65,14.94,14.94,0
2018-05-31,14.93,16.29,14.20,15.43,15.43,0
2018-06-01,14.92,14.93,13.37,13.46,13.46,0
2018-06-04,13.91,13.91,12.69,12.74,12.74,0
2018-06-05,12.91,13.34,12.30,12.40,12.40,0
2018-06-06,12.10,12.56,11.62,11.64,11.64,0
2018-06-07,11.66,13.28,11.22,12.13,12.13,0
2018-06-08,12.54,13.31,12.09,12.18,12.18,0
2018-06-11,12.52,12.69,12.14,12.35,12.35,0
2018-06-12,12.29,12.60,11.88,12.34,12.34,0
2018-06-13,12.13,12.95,11.98,12.94,12.94,0
2018-06-14,12.98,13.07,11.88,12.12,12.12,0
2018-06-15,12.19,13.16,11.93,11.98,11.98,0
2018-06-18,12.79,13.74,12.28,12.31,12.31,0
2018-06-19,14.61,14.68,13.21,13.35,13.35,0
2018-06-20,12.90,13.02,12.25,12.79,12.79,0
2018-06-21,12.54,15.18,12.18,14.64,14.64,0
2018-06-22,14.60,14.60,13.11,13.77,13.77,0
2018-06-25,15.07,19.61,14.56,17.33,17.33,0
2018-06-26,16.71,17.54,15.10,15.92,15.92,0
2018-06-27,16.52,18.19,14.76,17.91,17.91,0
2018-06-28,17.54,18.99,16.40,16.85,16.85,0
2018-06-29,15.73,16.51,14.66,16.09,16.09,0
2018-07-02,17.70,18.08,15.54,15.60,15.60,0
2018-07-03,15.37,16.45,14.68,16.14,16.14,0
2018-07-05,15.62,16.22,14.47,14.97,14.97,0
2018-07-06,14.99,15.45,13.34,13.37,13.37,0
2018-07-09,13.02,13.22,12.60,12.69,12.69,0
2018-07-10,12.52,13.21,11.93,12.64,12.64,0
2018-07-11,14.05,14.15,13.09,13.63,13.63,0
2018-07-12,13.07,13.33,12.42,12.58,12.58,0
2018-07-13,12.39,12.97,11.62,12.18,12.18,0
2018-07-16,12.77,12.97,12.46,12.83,12.83,0
2018-07-17,12.91,13.18,11.85,12.06,12.06,0
2018-07-18,11.87,12.47,11.44,12.10,12.10,0
2018-07-19,12.20,13.09,11.79,12.87,12.87,0
2018-07-20,13.00,13.58,12.49,12.86,12.86,0
2018-07-23,13.47,13.55,12.58,12.62,12.62,0
2018-07-24,12.61,13.21,11.66,12.41,12.41,0
2018-07-25,12.37,12.82,11.80,12.29,12.29,0
2018-07-26,12.45,12.53,11.78,12.14,12.14,0
2018-07-27,12.17,14.26,11.60,13.03,13.03,0
2018-07-30,13.63,14.46,12.98,14.26,14.26,0
2018-07-31,13.98,14.12,12.81,12.83,12.83,0
2018-08-01,13.09,13.63,12.45,13.15,13.15,0
2018-08-02,13.57,14.53,12.17,12.19,12.19,0
2018-08-03,12.43,12.46,11.07,11.64,11.64,0
2018-08-06,11.91,12.15,11.17,11.27,11.27,0
2018-08-07,11.12,11.24,10.52,10.93,10.93,0
2018-08-08,10.93,11.18,10.52,10.85,10.85,0
2018-08-09,10.94,11.31,10.17,11.27,11.27,0
2018-08-10,12.34,13.82,12.30,13.16,13.16,0
2018-08-13,14.50,15.02,12.95,14.78,14.78,0
2018-08-14,13.93,14.22,13.11,13.31,13.31,0
2018-08-15,13.52,16.86,13.44,14.64,14.64,0
2018-08-16,14.18,14.36,12.82,13.45,13.45,0
2018-08-17,13.18,13.96,12.40,12.64,12.64,0
2018-08-20,12.57,12.79,12.26,12.49,12.49,0
2018-08-21,12.47,12.89,12.09,12.86,12.86,0
2018-08-22,13.09,13.29,11.97,12.25,12.25,0
2018-08-23,12.03,12.68,11.65,12.41,12.41,0
2018-08-24,12.13,12.17,11.83,11.99,11.99,0
2018-08-27,12.37,12.48,12.02,12.16,12.16,0
2018-08-28,12.01,12.50,11.87,12.50,12.50,0
2018-08-29,12.34,12.55,12.09,12.25,12.25,0
2018-08-30,12.25,13.95,12.24,13.53,13.53,0
2018-08-31,13.54,14.03,12.82,12.86,12.86,0
2018-09-04,13.13,14.35,13.12,13.16,13.16,0
2018-09-05,13.69,14.30,13.23,13.91,13.91,0
2018-09-06,14.21,15.41,13.72,14.65,14.65,0
2018-09-07,14.72,15.63,14.31,14.88,14.88,0
2018-09-10,15.09,15.20,13.93,14.16,14.16,0
2018-09-11,13.96,14.92,13.21,13.22,13.22,0
2018-09-12,13.07,13.86,12.91,13.14,13.14,0
2018-09-13,12.91,12.91,12.30,12.37,12.37,0
2018-09-14,12.13,13.15,11.93,12.07,12.07,0
2018-09-17,12.72,13.75,12.32,13.68,13.68,0
2018-09-18,13.48,13.48,12.56,12.79,12.79,0
2018-09-19,12.61,12.77,11.66,11.75,11.75,0
2018-09-20,11.82,11.96,11.31,11.80,11.80,0
2018-09-21,11.76,12.03,11.10,11.68,11.68,0
2018-09-24,12.46,12.92,12.18,12.20,12.20,0
2018-09-25,12.28,12.60,11.80,12.42,12.42,0
2018-09-26,12.21,13.13,11.55,12.89,12.89,0
2018-09-27,12.77,13.00,11.94,12.41,12.41,0
2018-09-28,12.59,13.22,12.09,12.12,12.12,0
2018-10-01,11.99,12.40,11.57,12.00,12.00,0
2018-10-02,12.47,12.69,11.61,12.05,12.05,0
2018-10-03,11.66,12.14,11.34,11.61,11.61,0
2018-10-04,12.84,15.84,12.42,14.22,14.22,0
2018-10-05,14.29,17.36,11.72,14.82,14.82,0
2018-10-08,16.05,18.38,15.69,15.69,15.69,0
2018-10-09,16.12,17.49,15.27,15.95,15.95,0
2018-10-10,16.03,22.96,15.83,22.96,22.96,0
2018-10-11,23.07,28.84,20.65,24.98,24.98,0
2018-10-12,21.63,26.80,20.88,21.31,21.31,0
2018-10-15,21.97,22.89,19.47,21.30,21.30,0
2018-10-16,20.28,20.56,17.55,17.62,17.62,0
2018-10-17,17.06,19.55,17.06,17.40,17.40,0
2018-10-18,18.02,21.57,17.51,20.06,20.06,0
2018-10-19,19.24,21.08,18.39,19.89,19.89,0
2018-10-22,19.38,20.89,18.82,19.64,19.64,0
2018-10-23,22.18,24.66,20.18,20.71,20.71,0
2018-10-24,21.60,26.38,20.40,25.23,25.23,0
2018-10-25,24.78,24.78,22.06,24.22,24.22,0
2018-10-26,24.51,27.52,23.33,24.16,24.16,0
2018-10-29,24.48,27.86,22.01,24.70,24.70,0
2018-10-30,23.94,25.55,23.11,23.35,23.35,0
2018-10-31,22.72,22.80,20.39,21.23,21.23,0
2018-11-01,20.96,21.21,19.03,19.34,19.34,0
2018-11-02,18.52,21.61,18.05,19.51,19.51,0
2018-11-05,20.58,20.87,19.64,19.96,19.96,0
2018-11-06,19.84,20.60,19.69,19.91,19.91,0
2018-11-07,18.03,18.05,16.33,16.36,16.36,0
2018-11-08,16.18,17.20,16.09,16.72,16.72,0
2018-11-09,16.87,18.41,16.84,17.36,17.36,0
2018-11-12,17.26,20.71,17.25,20.45,20.45,0
2018-11-13,19.45,21.25,19.11,20.02,20.02,0
2018-11-14,20.52,22.36,19.30,21.25,21.25,0
2018-11-15,20.41,22.97,19.94,19.98,19.98,0
2018-11-16,20.04,21.36,18.10,18.14,18.14,0
2018-11-19,18.78,20.99,18.52,20.10,20.10,0
2018-11-20,20.76,23.81,20.37,22.48,22.48,0
2018-11-21,21.66,22.31,20.11,20.80,20.80,0
2018-11-23,21.23,22.65,20.65,21.52,21.52,0
2018-11-26,20.78,20.80,18.67,18.90,18.90,0
2018-11-27,19.41,19.93,18.70,19.02,19.02,0
2018-11-28,18.87,19.38,18.18,18.49,18.49,0
2018-11-29,18.65,20.48,18.59,18.79,18.79,0
2018-11-30,19.18,19.91,18.03,18.07,18.07,0
2018-12-03,16.04,17.28,15.94,16.44,16.44,0
2018-12-04,16.84,21.94,16.26,20.74,20.74,0
2018-12-06,23.53,25.94,20.94,21.19,21.19,0
2018-12-07,22.42,24.71,19.90,23.23,23.23,0
2018-12-10,23.95,25.94,22.50,22.64,22.64,0
2018-12-11,22.96,23.60,21.39,21.76,21.76,0
2018-12-12,21.91,21.91,20.50,21.46,21.46,0
2018-12-13,21.00,21.57,20.34,20.65,20.65,0
2018-12-14,21.57,22.47,20.95,21.63,21.63,0
2018-12-17,22.36,25.88,21.97,24.52,24.52,0
2018-12-18,24.68,26.14,23.64,25.58,25.58,0
2018-12-19,25.15,26.64,22.50,25.58,25.58,0
2018-12-20,26.09,30.30,24.68,28.38,28.38,0
2018-12-21,28.24,31.35,25.71,30.11,30.11,0
2018-12-24,29.29,36.10,29.16,36.07,36.07,0
2018-12-26,35.50,36.20,29.59,30.41,30.41,0
2018-12-27,31.20,33.80,29.66,29.96,29.96,0
2018-12-28,29.97,31.05,27.43,28.34,28.34,0
2018-12-31,27.59,27.64,25.33,25.42,25.42,0
2019-01-02,27.54,28.53,23.05,23.22,23.22,0
2019-01-03,25.68,26.60,24.05,25.45,25.45,0
2019-01-04,24.36,24.48,21.19,21.38,21.38,0
2019-01-07,22.06,22.71,20.91,21.40,21.40,0
2019-01-08,20.96,22.03,20.09,20.47,20.47,0
2019-01-09,20.44,22.80,19.48,19.98,19.98,0
2019-01-10,20.98,21.32,19.29,19.50,19.50,0
2019-01-11,19.68,20.16,18.12,18.19,18.19,0
2019-01-14,19.84,20.27,18.70,19.07,19.07,0
2019-01-15,18.53,19.20,17.98,18.60,18.60,0
2019-01-16,18.08,19.04,17.76,19.04,19.04,0
2019-01-17,19.51,19.72,17.85,18.06,18.06,0
2019-01-18,17.80,18.18,17.17,17.80,17.80,0
2019-01-22,18.53,21.15,18.20,20.80,20.80,0
2019-01-23,20.85,22.02,19.47,19.52,19.52,0
2019-01-24,19.69,20.25,18.63,18.89,18.89,0
2019-01-25,18.43,18.46,17.31,17.42,17.42,0
2019-01-28,18.56,20.42,18.42,18.87,18.87,0
2019-01-29,19.45,19.93,18.42,19.13,19.13,0
2019-01-30,19.15,19.31,17.54,17.66,17.66,0
2019-01-31,17.39,17.72,16.54,16.57,16.57,0
2019-02-01,16.63,16.83,16.08,16.14,16.14,0
2019-02-04,16.72,16.73,15.60,15.73,15.73,0
2019-02-05,15.79,15.94,15.04,15.57,15.57,0
2019-02-06,15.44,15.87,15.09,15.38,15.38,0
2019-02-07,15.66,17.89,15.51,16.37,16.37,0
2019-02-08,16.81,17.63,15.62,15.72,15.72,0
2019-02-11,16.17,16.50,15.34,15.97,15.97,0
2019-02-12,15.23,15.65,14.95,15.43,15.43,0
2019-02-13,15.46,15.91,15.00,15.65,15.65,0
2019-02-14,15.61,17.27,15.30,16.22,16.22,0
2019-02-15,16.82,16.82,14.79,14.91,14.91,0
2019-02-19,15.65,16.16,14.64,14.88,14.88,0
2019-02-20,14.92,15.19,13.99,14.02,14.02,0
2019-02-21,14.00,15.17,13.85,14.46,14.46,0
2019-02-22,14.46,14.47,13.51,13.51,13.51,0
2019-02-25,13.91,14.90,13.44,14.85,14.85,0
2019-02-26,15.16,15.28,14.52,15.17,15.17,0
2019-02-27,15.53,16.17,14.70,14.70,14.70,0
2019-02-28,15.17,15.24,14.39,14.78,14.78,0
2019-03-01,14.57,14.84,13.41,13.57,13.57,0
2019-03-04,13.77,16.98,13.38,14.63,14.63,0
2019-03-05,14.52,15.39,14.26,14.74,14.74,0
2019-03-06,14.91,16.11,14.74,15.74,15.74,0
2019-03-07,16.33,17.81,15.54,16.59,16.59,0
2019-03-08,17.38,18.33,16.02,16.05,16.05,0
2019-03-11,16.28,16.43,14.33,14.33,14.33,0
2019-03-12,13.97,14.70,13.61,13.77,13.77,0
2019-03-13,14.00,14.05,13.25,13.41,13.41,0
2019-03-14,13.35,13.84,13.16,13.50,13.50,0
2019-03-15,13.21,13.28,12.50,12.88,12.88,0
2019-03-18,13.13,13.80,13.00,13.10,13.10,0
2019-03-19,12.89,13.77,12.37,13.56,13.56,0
2019-03-20,13.54,14.30,13.05,13.91,13.91,0
2019-03-21,14.11,14.56,13.26,13.63,13.63,0
2019-03-22,13.77,17.52,13.62,16.48,16.48,0
2019-03-25,17.76,17.85,16.26,16.33,16.33,0
2019-03-26,16.22,16.30,14.67,14.68,14.68,0
2019-03-27,14.52,16.71,14.51,15.15,15.15,0
2019-03-28,15.38,15.62,14.41,14.43,14.43,0
2019-03-29,14.19,14.43,13.64,13.71,13.71,0
2019-04-01,13.90,14.01,13.32,13.40,13.40,0
2019-04-02,13.62,13.68,13.13,13.36,13.36,0
2019-04-03,13.06,14.27,12.85,13.74,13.74,0
2019-04-04,13.84,14.03,13.40,13.58,13.58,0
2019-04-05,13.46,13.47,12.17,12.82,12.82,0
2019-04-08,13.55,13.77,13.10,13.18,13.18,0
2019-04-09,13.46,14.39,13.31,14.28,14.28,0
2019-04-10,14.09,14.29,13.27,13.30,13.30,0
2019-04-11,13.37,13.58,12.91,13.02,13.02,0
2019-04-12,12.96,12.96,11.95,12.01,12.01,0
2019-04-15,12.46,13.14,12.24,12.32,12.32,0
2019-04-16,12.26,12.47,11.85,12.18,12.18,0
2019-04-17,12.12,13.02,11.03,12.60,12.60,0
2019-04-18,12.80,13.12,12.02,12.09,12.09,0
2019-04-22,13.21,13.36,12.38,12.42,12.42,0
2019-04-23,12.66,12.69,12.08,12.28,12.28,0
2019-04-24,12.53,13.23,12.26,13.14,13.14,0
2019-04-25,13.29,14.30,12.81,13.25,13.25,0
2019-04-26,13.44,13.62,12.49,12.73,12.73,0
2019-04-29,13.04,13.27,12.65,13.11,13.11,0
2019-04-30,13.11,14.05,12.88,13.12,13.12,0
2019-05-01,12.86,14.83,12.74,14.80,14.80,0
2019-05-02,14.35,15.92,13.80,14.42,14.42,0
2019-05-03,14.11,14.15,12.80,12.87,12.87,0
2019-05-06,12.89,18.80,12.89,15.44,15.44,0
2019-05-07,15.90,21.84,15.80,19.32,19.32,0
2019-05-08,18.95,21.74,18.29,19.40,19.40,0
2019-05-09,21.40,23.38,18.87,19.10,19.10,0
2019-05-10,18.79,20.19,15.57,16.04,16.04,0
2019-05-13,18.62,21.32,18.35,20.55,20.55,0
2019-05-14,19.40,19.65,17.45,18.06,18.06,0
2019-05-15,17.57,19.15,16.41,16.44,16.44,0
2019-05-16,16.69,17.13,15.16,15.29,15.29,0
2019-05-17,15.89,16.81,14.86,15.96,15.96,0
2019-05-20,15.88,17.63,15.46,16.31,16.31,0
2019-05-21,15.86,16.22,14.79,14.95,14.95,0
2019-05-22,15.06,15.44,14.42,14.75,14.75,0
2019-05-23,15.93,18.05,15.28,16.92,16.92,0
2019-05-24,16.34,16.52,15.52,15.85,15.85,0
2019-05-28,16.55,17.70,15.90,17.50,17.50,0
2019-05-29,18.55,19.04,17.62,17.90,17.90,0
2019-05-30,17.47,18.11,16.72,17.30,17.30,0
2019-05-31,19.05,19.72,18.01,18.71,18.71,0
2019-06-03,19.41,19.75,18.16,18.86,18.86,0
2019-06-04,18.74,18.74,16.97,16.97,16.97,0
2019-06-05,17.06,17.49,16.04,16.09,16.09,0
2019-06-06,16.25,16.54,15.36,15.93,15.93,0
2019-06-07,15.65,16.44,15.33,16.30,16.30,0
2019-06-10,16.30,16.47,15.84,15.94,15.94,0
2019-06-11,15.84,16.70,15.50,15.99,15.99,0
2019-06-12,16.26,16.43,15.78,15.91,15.91,0
2019-06-13,16.16,16.21,15.61,15.82,15.82,0
2019-06-14,16.00,16.40,15.21,15.28,15.28,0
2019-06-17,15.65,15.76,15.24,15.35,15.35,0
2019-06-18,14.89,15.54,14.62,15.15,15.15,0
2019-06-19,15.05,15.71,14.15,14.33,14.33,0
2019-06-20,14.04,16.03,13.19,14.75,14.75,0
2019-06-21,14.74,15.48,14.42,15.40,15.40,0
2019-06-24,15.46,15.56,15.23,15.26,15.26,0
2019-06-25,15.43,16.68,15.10,16.28,16.28,0
2019-06-26,16.10,16.60,15.47,16.21,16.21,0
2019-06-27,15.66,16.40,15.66,15.82,15.82,0
2019-06-28,15.70,16.13,15.08,15.08,15.08,0
2019-07-01,13.85,14.64,13.80,14.06,14.06,0
2019-07-02,14.16,14.30,12.90,12.93,12.93,0
2019-07-03,13.18,13.19,12.56,12.57,12.57,0
2019-07-05,13.00,14.47,12.04,13.28,13.28,0
2019-07-08,13.73,14.44,13.64,13.96,13.96,0
2019-07-09,14.47,14.71,13.99,14.09,14.09,0
2019-07-10,14.38,14.69,12.98,13.03,13.03,0
2019-07-11,13.01,13.33,12.39,12.93,12.93,0
2019-07-12,12.76,12.82,12.28,12.39,12.39,0
2019-07-15,12.58,13.02,12.49,12.68,12.68,0
2019-07-16,12.61,13.14,12.28,12.86,12.86,0
2019-07-17,12.62,13.97,12.24,13.97,13.97,0
2019-07-18,14.45,14.50,13.19,13.53,13.53,0
2019-07-19,13.31,14.45,13.09,14.45,14.45,0
2019-07-22,14.55,14.70,13.42,13.53,13.53,0
2019-07-23,13.42,13.52,12.55,12.61,12.61,0
2019-07-24,12.80,13.10,11.98,12.07,12.07,0
2019-07-25,12.24,13.54,11.69,12.74,12.74,0
2019-07-26,12.58,12.72,12.01,12.16,12.16,0
2019-07-29,12.15,13.17,12.15,12.83,12.83,0
2019-07-30,12.87,14.18,12.87,13.94,13.94,0
2019-07-31,13.83,16.55,13.46,16.12,16.12,0
2019-08-01,15.41,19.46,13.73,17.87,17.87,0
2019-08-02,17.69,20.11,17.04,17.61,17.61,0
2019-08-05,19.96,24.81,19.91,24.59,24.59,0
2019-08-06,22.29,22.87,19.77,20.17,20.17,0
2019-08-07,20.70,23.67,18.94,19.49,19.49,0
2019-08-08,19.36,19.89,16.82,16.91,16.91,0
2019-08-09,18.14,19.44,17.31,17.97,17.97,0
2019-08-12,17.87,21.26,17.77,21.09,21.09,0
2019-08-13,21.28,21.64,17.52,17.52,17.52,0
2019-08-14,17.81,22.71,17.75,22.10,22.10,0
2019-08-15,21.58,24.10,20.78,21.18,21.18,0
2019-08-16,20.48,20.50,18.41,18.47,18.47,0
2019-08-19,17.93,18.22,16.52,16.88,16.88,0
2019-08-20,16.78,17.70,16.45,17.50,17.50,0
2019-08-21,17.01,17.04,15.51,15.80,15.80,0
2019-08-22,16.12,17.68,15.63,16.68,16.68,0
2019-08-23,16.15,21.07,16.04,19.87,19.87,0
2019-08-26,20.34,21.33,19.06,19.32,19.32,0
2019-08-27,20.18,21.04,18.49,20.31,20.31,0
2019-08-28,20.55,21.64,19.10,19.35,19.35,0
2019-08-29,19.02,19.20,17.60,17.88,17.88,0
2019-08-30,17.94,19.18,17.09,18.98,18.98,0
2019-09-03,20.96,21.15,19.41,19.66,19.66,0
2019-09-04,18.23,18.83,17.26,17.33,17.33,0
2019-09-05,16.92,17.05,15.45,16.27,16.27,0
2019-09-06,15.92,16.06,14.91,15.00,15.00,0
2019-09-09,15.26,16.13,14.95,15.27,15.27,0
2019-09-10,15.53,16.52,15.11,15.20,15.20,0
2019-09-11,15.33,15.52,14.55,14.61,14.61,0
2019-09-12,14.69,14.94,13.85,14.22,14.22,0
2019-09-13,14.16,14.31,13.51,13.74,13.74,0
2019-09-16,14.89,15.29,14.50,14.67,14.67,0
2019-09-17,14.92,15.03,14.40,14.44,14.44,0
2019-09-18,14.61,15.80,13.80,13.95,13.95,0
2019-09-19,14.66,14.66,13.31,14.05,14.05,0
2019-09-20,13.94,15.84,13.35,15.32,15.32,0
2019-09-23,15.35,16.00,14.71,14.91,14.91,0
2019-09-24,14.77,17.62,14.33,17.05,17.05,0
2019-09-25,17.05,18.45,15.69,15.96,15.96,0
2019-09-26,16.23,17.09,15.35,16.07,16.07,0
2019-09-27,15.77,18.69,15.15,17.22,17.22,0
2019-09-30,17.23,17.35,16.20,16.24,16.24,0
2019-10-01,16.02,18.62,15.79,18.56,18.56,0
2019-10-02,18.75,21.46,18.75,20.56,20.56,0
2019-10-03,20.11,21.44,19.03,19.12,19.12,0
2019-10-04,19.42,19.97,16.97,17.04,17.04,0
2019-10-07,18.27,18.52,16.44,17.86,17.86,0
2019-10-08,17.61,20.38,17.42,20.28,20.28,0
2019-10-09,19.94,20.00,17.77,18.64,18.64,0
2019-10-10,19.28,19.80,17.56,17.57,17.57,0
2019-10-11,17.35,17.44,15.11,15.58,15.58,0
2019-10-14,15.66,16.50,14.51,14.57,14.57,0
2019-10-15,13.94,14.43,13.39,13.54,13.54,0
2019-10-16,13.94,14.26,13.60,13.68,13.68,0
2019-10-17,13.79,14.18,13.31,13.79,13.79,0
2019-10-18,14.20,15.16,13.78,14.25,14.25,0
2019-10-21,14.24,14.63,14.00,14.00,14.00,0
2019-10-22,13.99,14.61,13.70,14.46,14.46,0
2019-10-23,14.83,15.12,14.01,14.01,14.01,0
2019-10-24,13.98,14.34,13.40,13.71,13.71,0
2019-10-25,13.53,13.79,12.62,12.65,12.65,0
2019-10-28,13.01,13.14,12.66,13.11,13.11,0
2019-10-29,13.16,13.52,13.07,13.20,13.20,0
2019-10-30,13.08,13.37,12.27,12.33,12.33,0
2019-10-31,13.51,13.95,13.18,13.22,13.22,0
2019-11-01,12.50,12.60,12.26,12.30,12.30,0
2019-11-04,12.68,13.13,12.44,12.83,12.83,0
2019-11-05,12.85,13.28,12.25,13.10,13.10,0
2019-11-06,13.18,13.39,12.60,12.62,12.62,0
2019-11-07,12.59,12.89,12.26,12.73,12.73,0
2019-11-08,12.98,13.05,12.00,12.07,12.07,0
2019-11-11,13.15,13.49,12.66,12.69,12.69,0
2019-11-12,12.64,13.10,12.36,12.68,12.68,0
2019-11-13,12.91,13.90,12.88,13.00,13.00,0
2019-11-14,13.16,13.81,12.93,13.05,13.05,0
2019-11-15,12.95,12.97,11.92,12.05,12.05,0
2019-11-18,12.39,13.10,12.32,12.46,12.46,0
2019-11-19,12.33,13.01,12.16,12.86,12.86,0
2019-11-20,13.42,14.17,12.61,12.78,12.78,0
2019-11-21,13.35,13.86,12.49,13.13,13.13,0
2019-11-22,12.82,13.25,12.33,12.34,12.34,0
2019-11-25,12.51,12.59,11.73,11.87,11.87,0
2019-11-26,11.88,12.04,11.42,11.54,11.54,0
2019-11-27,11.55,11.79,11.44,11.75,11.75,0
2019-11-29,12.50,12.83,12.12,12.62,12.62,0
2019-12-02,12.69,15.27,12.55,14.91,14.91,0
2019-12-03,14.68,17.99,14.61,15.96,15.96,0
2019-12-04,16.38,16.40,14.12,14.80,14.80,0
2019-12-05,14.46,15.37,14.17,14.52,14.52,0
2019-12-06,14.37,14.47,13.19,13.62,13.62,0
2019-12-09,14.25,16.07,12.25,15.86,15.86,0
2019-12-10,15.80,16.90,14.93,15.68,15.68,0
2019-12-11,15.57,15.97,14.98,14.99,14.99,0
2019-12-12,14.94,15.55,13.60,13.94,13.94,0
2019-12-13,13.18,14.35,12.54,12.63,12.63,0
2019-12-16,12.47,12.53,11.71,12.14,12.14,0
2019-12-17,12.23,12.47,11.90,12.29,12.29,0
2019-12-18,12.24,12.70,11.93,12.58,12.58,0
2019-12-19,12.55,12.78,12.43,12.50,12.50,0
2019-12-20,12.55,12.61,12.04,12.51,12.51,0
2019-12-23,12.81,12.90,12.41,12.61,12.61,0
2019-12-24,12.65,12.84,12.56,12.67,12.67,0
2019-12-26,12.74,12.75,11.72,12.65,12.65,0
2019-12-27,12.61,13.72,11.89,13.43,13.43,0
2019-12-30,13.74,15.14,13.44,14.82,14.82,0
2019-12-31,14.84,15.39,13.75,13.78,13.78,0
2020-01-02,13.46,13.72,12.42,12.47,12.47,0
2020-01-03,15.01,16.20,13.13,14.02,14.02,0
2020-01-06,15.45,16.39,13.54,13.85,13.85,0
2020-01-07,13.84,14.46,13.39,13.79,13.79,0
2020-01-08,15.16,15.24,12.83,13.45,13.45,0
2020-01-09,12.95,13.24,12.53,12.54,12.54,0
2020-01-10,12.42,12.87,12.09,12.56,12.56,0
2020-01-13,12.84,13.09,12.32,12.32,12.32,0
2020-01-14,12.72,13.82,12.05,12.39,12.39,0
2020-01-15,12.79,12.83,11.95,12.42,12.42,0
2020-01-16,12.20,12.42,11.78,12.32,12.32,0
2020-01-17,12.21,12.48,11.75,12.10,12.10,0
2020-01-21,13.23,13.33,12.32,12.85,12.85,0
2020-01-22,12.45,13.01,12.31,12.91,12.91,0
2020-01-23,13.26,14.15,12.94,12.98,12.98,0
2020-01-24,12.75,15.98,12.62,14.56,14.56,0
2020-01-27,17.42,19.02,16.82,18.23,18.23,0
2020-01-28,16.94,18.03,15.69,16.28,16.28,0
2020-01-29,15.68,16.65,14.94,16.39,16.39,0
2020-01-30,17.82,18.39,15.30,15.49,15.49,0
2020-01-31,16.25,19.99,16.18,18.84,18.84,0
2020-02-03,18.64,18.88,17.10,17.97,17.97,0
2020-02-04,16.45,16.46,15.63,16.05,16.05,0
2020-02-05,16.29,16.32,15.02,15.15,15.15,0
2020-02-06,15.13,15.66,14.70,14.96,14.96,0
2020-02-07,15.07,16.16,14.81,15.47,15.47,0
2020-02-10,15.88,16.43,15.01,15.04,15.04,0
2020-02-11,14.91,15.27,14.38,15.18,15.18,0
2020-02-12,14.86,14.88,13.73,13.74,13.74,0
2020-02-13,14.43,15.44,14.00,14.15,14.15,0
2020-02-14,14.12,14.54,13.38,13.68,13.68,0
2020-02-18,14.98,15.49,14.53,14.83,14.83,0
2020-02-19,14.66,14.74,14.21,14.38,14.38,0
2020-02-20,14.54,17.21,14.49,15.56,15.56,0
2020-02-21,17.33,18.21,16.19,17.08,17.08,0
2020-02-24,22.25,26.35,22.00,25.03,25.03,0
2020-02-25,23.28,30.25,22.62,27.85,27.85,0
2020-02-26,26.63,29.57,24.76,27.56,27.56,0
2020-02-27,32.14,39.31,29.37,39.16,39.16,0
2020-02-28,42.02,49.48,39.37,40.11,40.11,0
2020-03-02,38.54,40.41,31.50,33.42,33.42,0
2020-03-03,33.65,41.06,24.93,36.82,36.82,0
2020-03-04,34.44,35.58,30.30,31.99,31.99,0
2020-03-05,33.61,42.84,33.54,39.62,39.62,0
2020-03-06,48.93,54.39,40.84,41.94,41.94,0
2020-03-09,41.94,62.12,41.94,54.46,54.46,0
2020-03-10,49.68,55.66,43.56,47.30,47.30,0
2020-03-11,52.24,55.82,49.98,53.90,53.90,0
2020-03-12,61.46,76.83,59.91,75.47,75.47,0
2020-03-13,71.31,77.57,55.17,57.83,57.83,0
2020-03-16,57.83,83.56,57.83,82.69,82.69,0
2020-03-17,82.69,84.83,70.37,75.91,75.91,0
2020-03-18,69.37,85.47,69.37,76.45,76.45,0
2020-03-19,80.62,84.26,68.57,72.00,72.00,0
2020-03-20,67.86,69.51,57.42,66.04,66.04,0
2020-03-23,74.08,76.74,60.46,61.59,61.59,0
2020-03-24,58.76,61.88,36.24,61.67,61.67,0
2020-03-25,61.44,68.86,58.03,63.95,63.95,0
2020-03-26,65.67,67.06,57.66,61.00,61.00,0
2020-03-27,64.95,69.10,61.80,65.54,65.54,0
2020-03-30,66.30,67.69,56.60,57.08,57.08,0
2020-03-31,56.69,58.75,50.88,53.54,53.54,0
2020-04-01,57.38,60.59,52.76,57.06,57.06,0
2020-04-02,54.46,57.24,50.45,50.91,50.91,0
2020-04-03,51.11,52.29,46.74,46.80,46.80,0
2020-04-06,44.17,45.73,43.45,45.24,45.24,0
2020-04-07,44.83,47.51,43.51,46.70,46.70,0
2020-04-08,45.90,47.28,42.53,43.35,43.35,0
2020-04-09,43.00,45.73,41.39,41.67,41.67,0
2020-04-13,44.60,45.04,41.17,41.17,41.17,0
2020-04-14,40.24,40.57,37.31,37.76,37.76,0
2020-04-15,42.57,43.23,40.05,40.84,40.84,0
2020-04-16,41.92,43.02,39.87,40.11,40.11,0
2020-04-17,39.50,40.26,37.63,38.15,38.15,0
2020-04-20,40.68,43.83,39.88,43.83,43.83,0
2020-04-21,44.28,47.77,43.77,45.41,45.41,0
2020-04-22,44.91,45.07,41.41,41.98,41.98,0
2020-04-23,41.30,42.47,39.06,41.38,41.38,0
2020-04-24,38.80,40.17,35.60,35.93,35.93,0
2020-04-27,36.29,36.44,32.51,33.29,33.29,0
2020-04-28,33.21,35.39,30.54,33.57,33.57,0
2020-04-29,32.48,33.19,30.71,31.23,31.23,0
2020-04-30,30.99,35.94,30.93,34.15,34.15,0
2020-05-01,38.17,39.57,36.59,37.19,37.19,0
2020-05-04,39.13,40.32,35.53,35.97,35.97,0
2020-05-05,34.82,36.22,31.95,33.61,33.61,0
2020-05-06,32.69,35.69,31.68,34.12,34.12,0
2020-05-07,32.12,32.28,30.37,31.44,31.44,0
2020-05-08,30.14,30.39,27.89,27.98,27.98,0
2020-05-11,28.46,31.46,26.97,27.57,27.57,0
2020-05-12,28.47,33.04,26.00,33.04,33.04,0
2020-05-13,32.74,37.42,30.77,35.28,35.28,0
2020-05-14,35.16,39.28,32.33,32.61,32.61,0
2020-05-15,32.50,35.13,31.04,31.89,31.89,0
2020-05-18,30.71,31.08,28.35,29.30,29.30,0
2020-05-19,28.73,30.74,28.37,30.53,30.53,0
2020-05-20,29.52,29.83,27.83,27.99,27.99,0
2020-05-21,28.97,30.20,27.67,29.53,29.53,0
2020-05-22,31.36,31.55,28.03,28.16,28.16,0
2020-05-26,27.72,28.58,27.18,28.01,28.01,0
2020-05-27,27.62,30.53,25.92,27.62,27.62,0
2020-05-28,27.82,29.89,27.43,28.59,28.59,0
2020-05-29,29.30,30.16,27.29,27.51,27.51,0
2020-06-01,28.94,30.60,28.11,28.23,28.23,0
2020-06-02,28.40,28.52,26.66,26.84,26.84,0
2020-06-03,26.75,26.98,25.04,25.66,25.66,0
2020-06-04,26.23,26.43,24.38,25.81,25.81,0
2020-06-05,24.79,25.09,23.54,24.52,24.52,0
2020-06-08,25.56,25.98,24.65,25.81,25.81,0
2020-06-09,25.93,27.70,25.71,27.57,27.57,0
2020-06-10,26.73,29.01,26.06,27.57,27.57,0
2020-06-11,30.45,42.58,29.49,40.79,40.79,0
2020-06-12,37.68,44.16,34.97,36.09,36.09,0
2020-06-15,44.09,44.44,34.28,34.40,34.40,0
2020-06-16,34.28,37.45,31.73,33.67,33.67,0
2020-06-17,33.28,35.17,32.25,33.47,33.47,0
2020-06-18,33.83,36.25,32.24,32.94,32.94,0
2020-06-19,32.07,35.12,30.40,35.12,35.12,0
2020-06-22,35.22,35.39,31.64,31.77,31.77,0
2020-06-23,31.71,31.71,29.26,31.37,31.37,0
2020-06-24,31.05,37.12,30.95,33.84,33.84,0
2020-06-25,36.59,36.93,31.59,32.22,32.22,0
2020-06-26,33.01,36.25,31.04,34.73,34.73,0
2020-06-29,35.05,36.31,31.78,31.78,31.78,0
2020-06-30,32.54,32.94,29.56,30.43,30.43,0
2020-07-01,30.96,31.76,28.20,28.62,28.62,0
2020-07-02,28.33,28.44,25.90,27.68,27.68,0
2020-07-06,27.76,28.33,24.92,27.94,27.94,0
2020-07-07,28.77,29.63,27.25,29.43,29.43,0
2020-07-08,28.95,30.20,27.24,28.08,28.08,0
2020-07-09,28.18,31.48,26.11,29.26,29.26,0
2020-07-10,30.86,30.91,27.13,27.29,27.29,0
2020-07-13,27.85,32.45,26.87,32.19,32.19,0
2020-07-14,31.14,33.67,29.21,29.52,29.52,0
2020-07-15,29.15,30.09,27.17,27.76,27.76,0
2020-07-16,28.41,29.29,26.98,28.00,28.00,0
2020-07-17,27.15,27.54,25.41,25.68,25.68,0
2020-07-20,26.94,27.08,24.35,24.46,24.46,0
2020-07-21,24.08,25.65,23.61,24.84,24.84,0
2020-07-22,24.56,26.26,24.13,24.32,24.32,0
2020-07-23,23.97,26.95,23.60,26.08,26.08,0
2020-07-24,27.96,28.58,25.53,25.84,25.84,0
2020-07-27,26.60,26.94,24.55,24.74,24.74,0
2020-07-28,24.86,25.85,24.05,25.44,25.44,0
2020-07-29,25.16,25.42,23.73,24.10,24.10,0
2020-07-30,25.04,28.29,24.64,24.76,24.76,0
2020-07-31,24.79,26.41,23.55,24.46,24.46,0
2020-08-03,25.75,26.01,22.17,24.28,24.28,0
2020-08-04,24.01,24.76,22.92,23.76,23.76,0
2020-08-05,23.44,23.61,22.86,22.99,22.99,0
2020-08-06,23.03,24.11,20.97,22.65,22.65,0
2020-08-07,23.45,24.02,22.02,22.21,22.21,0
2020-08-10,22.88,23.52,21.46,22.13,22.13,0
2020-08-11,21.85,24.93,20.28,24.03,24.03,0
2020-08-12,22.82,22.88,21.54,22.28,22.28,0
2020-08-13,22.20,22.92,21.45,22.13,22.13,0
2020-08-14,22.27,23.55,21.79,22.05,22.05,0
2020-08-17,22.52,22.82,21.34,21.35,21.35,0
2020-08-18,21.69,22.55,21.18,21.51,21.51,0
2020-08-19,21.60,22.98,20.99,22.54,22.54,0
2020-08-20,24.10,24.60,22.37,22.72,22.72,0
2020-08-21,22.58,24.47,22.06,22.54,22.54,0
2020-08-24,22.87,23.18,21.25,22.37,22.37,0
2020-08-25,22.16,23.43,21.53,22.03,22.03,0
2020-08-26,22.14,23.27,20.92,23.27,23.27,0
2020-08-27,23.42,27.09,21.44,24.47,24.47,0
2020-08-28,24.59,26.30,22.64,22.96,22.96,0
2020-08-31,23.91,26.50,21.77,26.41,26.41,0
2020-09-01,25.86,26.59,25.02,26.12,26.12,0
2020-09-02,26.01,27.07,25.53,26.57,26.57,0
2020-09-03,26.28,35.94,25.66,33.60,33.60,0
2020-09-04,34.62,38.28,29.50,30.75,30.75,0
2020-09-08,30.61,35.93,30.52,31.46,31.46,0
2020-09-09,31.68,31.78,28.12,28.81,28.81,0
2020-09-10,28.67,30.56,27.59,29.71,29.71,0
2020-09-11,28.63,29.73,26.51,26.87,26.87,0
2020-09-14,25.86,26.79,25.38,25.85,25.85,0
2020-09-15,25.92,26.00,24.92,25.59,25.59,0
2020-09-16,25.31,26.59,24.84,26.04,26.04,0
2020-09-17,28.22,28.92,26.26,26.46,26.46,0
2020-09-18,26.65,28.10,25.28,25.83,25.83,0
2020-09-21,28.04,31.18,27.39,27.78,27.78,0
2020-09-22,28.61,28.78,26.48,26.86,26.86,0
2020-09-23,27.02,29.73,25.19,28.58,28.58,0
2020-09-24,29.54,30.49,27.94,28.51,28.51,0
2020-09-25,28.17,30.43,26.02,26.38,26.38,0
2020-09-28,27.15,27.19,24.90,26.19,26.19,0
2020-09-29,26.81,27.43,25.98,26.27,26.27,0
2020-09-30,26.69,27.12,25.06,26.37,26.37,0
2020-10-01,25.78,27.11,25.33,26.70,26.70,0
2020-10-02,28.87,29.90,26.93,27.63,27.63,0
2020-10-05,29.52,29.69,27.27,27.96,27.96,0
2020-10-06,28.05,30.00,26.01,29.48,29.48,0
2020-10-07,29.26,29.76,27.94,28.06,28.06,0
2020-10-08,27.65,27.99,24.88,26.36,26.36,0
2020-10-09,26.20,26.22,24.03,25.00,25.00,0
2020-10-12,25.65,25.65,24.14,25.07,25.07,0
2020-10-13,25.67,26.93,25.16,26.07,26.07,0
2020-10-14,25.72,27.23,25.53,26.40,26.40,0
2020-10-15,27.10,29.06,26.82,26.97,26.97,0
2020-10-16,27.16,27.46,26.19,27.41,27.41,0
2020-10-19,27.36,29.69,27.04,29.18,29.18,0
2020-10-20,28.81,29.60,28.29,29.35,29.35,0
2020-10-21,29.12,30.55,28.37,28.65,28.65,0
2020-10-22,30.10,30.12,27.68,28.11,28.11,0
2020-10-23,28.47,28.67,27.26,27.55,27.55,0
2020-10-26,29.38,33.68,29.22,32.46,32.46,0
2020-10-27,32.04,33.77,31.85,33.35,33.35,0
2020-10-28,34.69,40.77,34.68,40.28,40.28,0
2020-10-29,38.80,41.16,35.63,37.59,37.59,0
2020-10-30,40.81,41.09,36.50,38.02,38.02,0
2020-11-02,38.57,38.78,36.13,37.13,37.13,0
2020-11-03,36.44,36.44,34.19,35.55,35.55,0
2020-11-04,36.79,36.85,28.03,29.57,29.57,0
2020-11-05,27.56,28.14,26.04,27.58,27.58,0
2020-11-06,27.87,29.44,24.56,24.86,24.86,0
2020-11-09,24.80,25.82,22.41,25.75,25.75,0
2020-11-10,25.36,26.77,24.35,24.80,24.80,0
2020-11-11,25.01,25.12,22.57,23.45,23.45,0
2020-11-12,24.39,27.27,23.53,25.35,25.35,0
2020-11-13,24.94,25.03,22.74,23.10,23.10,0
2020-11-16,23.66,24.08,22.43,22.45,22.45,0
2020-11-17,22.84,24.09,22.34,22.71,22.71,0
2020-11-18,22.86,23.92,21.66,23.84,23.84,0
2020-11-19,23.62,24.52,22.56,23.11,23.11,0
2020-11-20,23.43,23.73,22.13,23.70,23.70,0
2020-11-23,23.66,23.96,22.45,22.66,22.66,0
2020-11-24,22.04,22.48,20.80,21.64,21.64,0
2020-11-25,21.65,22.50,21.13,21.25,21.25,0
2020-11-27,21.52,21.60,19.51,20.84,20.84,0
2020-11-30,22.64,22.89,20.48,20.57,20.57,0
2020-12-01,20.21,20.92,20.00,20.77,20.77,0
2020-12-02,21.00,21.25,20.04,21.17,21.17,0
2020-12-03,21.24,21.88,20.72,21.28,21.28,0
2020-12-04,21.05,21.15,19.97,20.79,20.79,0
2020-12-07,22.04,22.62,21.17,21.30,21.30,0
2020-12-08,21.65,22.25,20.52,20.68,20.68,0
2020-12-09,20.66,22.93,20.10,22.27,22.27,0
2020-12-10,22.12,23.46,21.53,22.52,22.52,0
2020-12-11,22.49,25.14,22.48,23.31,23.31,0
2020-12-14,22.67,24.82,21.95,24.72,24.72,0
2020-12-15,24.00,24.07,22.73,22.89,22.89,0
2020-12-16,22.51,23.67,22.29,22.50,22.50,0
2020-12-17,21.98,22.27,21.52,21.93,21.93,0
2020-12-18,22.15,23.77,21.57,21.57,21.57,0
2020-12-21,24.25,31.46,24.23,25.16,25.16,0
2020-12-22,25.24,25.56,23.53,24.23,24.23,0
2020-12-23,23.49,23.68,22.13,23.31,23.31,0
2020-12-24,22.47,22.83,21.39,21.53,21.53,0
2020-12-28,22.11,22.12,21.15,21.70,21.70,0
2020-12-29,21.61,23.72,20.99,23.08,23.08,0
2020-12-30,22.58,23.15,22.41,22.77,22.77,0
2020-12-31,22.99,23.25,21.24,22.75,22.75,0
2021-01-04,23.04,29.19,22.56,26.97,26.97,0
2021-01-05,26.94,28.60,24.80,25.34,25.34,0
2021-01-06,25.48,26.77,22.14,25.07,25.07,0
2021-01-07,23.67,23.91,22.25,22.37,22.37,0
2021-01-08,22.43,23.34,21.42,21.56,21.56,0
