Date,Open,High,Low,Close*,Adj Close**, Volume 
2021-01-08,31069.58,31140.67,30793.27,31097.97,31097.97,381150000
2021-01-07,30901.18,31193.40,30897.86,31041.13,31041.13,427810000
2021-01-06,30362.78,31022.65,30313.07,30829.40,30829.40,500430000
2021-01-05,30204.25,30504.89,30141.78,30391.60,30391.60,350910000
2021-01-04,30627.47,30674.28,29881.82,30223.89,30223.89,475080000
2020-12-31,30417.64,30637.47,30344.50,30606.48,30606.48,284470000
2020-12-30,30415.09,30525.35,30393.04,30409.56,30409.56,291890000
2020-12-29,30492.07,30588.79,30274.24,30335.67,30335.67,357610000
2020-12-28,30283.23,30525.56,30283.23,30403.97,30403.97,302490000
2020-12-24,30155.92,30209.67,30099.30,30199.87,30199.87,145570000
2020-12-23,30046.73,30292.53,30046.73,30129.83,30129.83,274050000
2020-12-22,30200.20,30200.20,29992.89,30015.51,30015.51,388810000
2020-12-21,30159.00,30304.14,29755.53,30216.45,30216.45,437480000
2020-12-18,30314.26,30343.59,30029.44,30179.05,30179.05,782070000
2020-12-17,30216.00,30323.78,30216.00,30303.37,30303.37,345530000
2020-12-16,30191.38,30236.03,30080.11,30154.54,30154.54,344590000
2020-12-15,29919.09,30243.26,29894.95,30199.31,30199.31,417770000
2020-12-14,30123.91,30325.79,29849.15,29861.55,29861.55,371980000
2020-12-11,29988.21,30071.13,29820.84,30046.37,30046.37,393870000
2020-12-10,30032.55,30063.87,29876.82,29999.26,29999.26,325550000
2020-12-09,30229.81,30319.70,29951.85,30068.81,30068.81,380520000
2020-12-08,29997.95,30246.22,29972.07,30173.88,30173.88,311190000
2020-12-07,30233.03,30233.03,29967.22,30069.79,30069.79,365810000
2020-12-04,29989.56,30218.26,29989.56,30218.26,30218.26,356590000
2020-12-03,29920.83,30110.88,29877.27,29969.52,29969.52,405680000
2020-12-02,29695.09,29902.51,29599.29,29883.79,29883.79,385280000
2020-12-01,29797.50,30083.31,29797.50,29823.92,29823.92,429510000
2020-11-30,29854.51,29854.51,29463.64,29638.64,29638.64,551350000
2020-11-27,29911.33,30015.13,29819.98,29910.37,29910.37,177040000
2020-11-25,30058.87,30058.87,29806.25,29872.47,29872.47,323030000
2020-11-24,29746.11,30116.51,29746.11,30046.24,30046.24,432760000
2020-11-23,29332.82,29667.75,29332.82,29591.27,29591.27,387200000
2020-11-20,29437.57,29469.89,29231.20,29263.48,29263.48,305350000
2020-11-19,29370.92,29524.90,29228.38,29483.23,29483.23,331330000
2020-11-18,29875.40,29930.85,29432.84,29438.42,29438.42,382850000
2020-11-17,29800.15,29872.42,29520.29,29783.35,29783.35,372380000
2020-11-16,29672.36,29964.29,29672.36,29950.44,29950.44,418290000
2020-11-13,29203.90,29559.25,29203.90,29479.81,29479.81,348810000
2020-11-12,29231.91,29311.83,28902.13,29080.17,29080.17,369320000
2020-11-11,29524.35,29593.11,29281.22,29397.63,29397.63,376700000
2020-11-10,29254.17,29478.86,29126.99,29420.92,29420.92,526980000
2020-11-09,29467.90,29933.83,29130.66,29157.97,29157.97,673310000
2020-11-06,28399.13,28431.96,28189.50,28323.40,28323.40,326710000
2020-11-05,28083.37,28495.05,28083.37,28390.18,28390.18,390140000
2020-11-04,27512.83,28301.50,27512.83,27847.66,27847.66,447860000
2020-11-03,27138.69,27640.21,27138.69,27480.03,27480.03,350980000
2020-11-02,26691.28,27043.48,26691.28,26925.05,26925.05,379990000
2020-10-30,26572.27,26639.18,26143.77,26501.60,26501.60,504820000
2020-10-29,26480.98,26891.89,26290.78,26659.11,26659.11,419770000
2020-10-28,27102.14,27102.14,26497.39,26519.95,26519.95,496150000
2020-10-27,27651.18,27707.69,27457.96,27463.19,27463.19,366400000
2020-10-26,28185.82,28185.82,27370.16,27685.38,27685.38,404150000
2020-10-23,28409.65,28436.52,28149.82,28335.57,28335.57,347300000
2020-10-22,28197.42,28421.31,28040.18,28363.66,28363.66,330320000
2020-10-21,28270.66,28450.64,28196.39,28210.82,28210.82,299420000
2020-10-20,28245.85,28575.03,28243.04,28308.79,28308.79,350220000
2020-10-19,28633.55,28711.93,28139.40,28195.42,28195.42,358700000
2020-10-16,28570.72,28842.90,28570.72,28606.31,28606.31,356140000
2020-10-15,28323.40,28535.85,28181.54,28494.20,28494.20,328940000
2020-10-14,28731.30,28792.56,28461.73,28514.00,28514.00,370800000
2020-10-13,28764.95,28808.84,28604.35,28679.81,28679.81,526110000
2020-10-12,28671.12,28957.90,28659.67,28837.52,28837.52,493680000
2020-10-09,28533.61,28676.29,28440.63,28586.90,28586.90,324050000
2020-10-08,28348.86,28459.13,28265.56,28425.51,28425.51,314750000
2020-10-07,27971.36,28369.66,27971.36,28303.46,28303.46,328750000
2020-10-06,28214.24,28354.48,27728.03,27772.76,27772.76,435030000
2020-10-05,27825.42,28162.64,27825.42,28148.64,28148.64,318210000
2020-10-02,27536.39,27861.43,27382.94,27682.81,27682.81,392770000
2020-10-01,27940.63,28041.46,27669.26,27816.90,27816.90,373450000
2020-09-30,27514.64,28026.33,27511.06,27781.70,27781.70,452550000
2020-09-29,27560.24,27605.60,27338.09,27452.66,27452.66,303820000
2020-09-28,27362.14,27722.60,27362.14,27584.06,27584.06,401860000
2020-09-25,26694.51,27239.29,26635.38,27173.96,27173.96,388900000
2020-09-24,26716.09,27094.85,26537.01,26815.44,26815.44,447810000
2020-09-23,27413.60,27464.46,26716.12,26763.13,26763.13,459470000
2020-09-22,27170.34,27333.09,26989.93,27288.18,27288.18,420720000
2020-09-21,27484.71,27484.71,26715.15,27147.70,27147.70,523660000
2020-09-18,27864.87,27946.69,27487.97,27657.42,27657.42,698710000
2020-09-17,27834.18,28056.79,27647.93,27901.98,27901.98,437230000
2020-09-16,28031.69,28364.77,28021.67,28032.38,28032.38,416650000
2020-09-15,28139.76,28231.06,27931.45,27995.60,27995.60,414520000
2020-09-14,27718.74,28086.06,27718.74,27993.33,27993.33,380750000
2020-09-11,27613.86,27828.82,27448.15,27665.64,27665.64,435330000
2020-09-10,28022.51,28174.78,27447.08,27534.58,27534.58,442850000
2020-09-09,27711.71,28206.21,27704.54,27940.47,27940.47,460590000
2020-09-08,27925.23,27925.23,27464.90,27500.89,27500.89,580860000
2020-09-04,28341.05,28539.75,27664.68,28133.31,28133.31,694640000
2020-09-03,29090.70,29199.35,28074.76,28292.73,28292.73,650080000
2020-09-02,28736.79,29162.88,28713.53,29100.50,29100.50,539510000
2020-09-01,28439.61,28659.26,28290.72,28645.66,28645.66,423410000
2020-08-31,28643.66,28643.66,28363.55,28430.05,28430.05,517320000
2020-08-28,28601.29,28733.35,28487.98,28653.87,28653.87,369740000
2020-08-27,28384.07,28634.22,28363.93,28492.27,28492.27,404340000
2020-08-26,28257.88,28353.80,28153.91,28331.92,28331.92,327070000
2020-08-25,28347.42,28400.74,28094.57,28248.44,28248.44,338420000
2020-08-24,28077.58,28314.94,28041.75,28308.46,28308.46,383880000
2020-08-21,27758.13,27959.48,27686.78,27930.33,27930.33,372720000
2020-08-20,27622.68,27781.46,27526.25,27739.73,27739.73,304550000
2020-08-19,27811.26,27920.42,27647.67,27692.88,27692.88,311460000
2020-08-18,27853.48,27891.12,27668.79,27778.07,27778.07,276170000
2020-08-17,27970.05,27999.81,27816.40,27844.91,27844.91,286860000
2020-08-14,27828.93,27977.81,27759.39,27931.02,27931.02,275540000
2020-08-13,27922.51,27986.10,27789.78,27896.72,27896.72,360160000
2020-08-12,27860.24,28043.89,27843.32,27976.84,27976.84,340210000
2020-08-11,27961.64,28154.88,27624.51,27686.91,27686.91,428220000
2020-08-10,27488.21,27803.86,27488.21,27791.44,27791.44,360340000
2020-08-07,27321.68,27456.24,27223.55,27433.48,27433.48,321170000
2020-08-06,27170.82,27394.10,27145.25,27386.98,27386.98,322460000
2020-08-05,26924.78,27221.67,26924.78,27201.52,27201.52,366000000
2020-08-04,26664.61,26832.72,26597.82,26828.47,26828.47,346350000
2020-08-03,26542.32,26707.26,26534.38,26664.40,26664.40,439380000
2020-07-31,26409.33,26440.02,26013.59,26428.32,26428.32,488050000
2020-07-30,26367.42,26374.93,25992.28,26313.65,26313.65,351540000
2020-07-29,26388.44,26602.45,26375.39,26539.57,26539.57,347580000
2020-07-28,26529.45,26556.84,26361.71,26379.28,26379.28,361090000
2020-07-27,26447.67,26625.46,26426.92,26584.77,26584.77,400930000
2020-07-24,26533.41,26625.70,26402.86,26469.89,26469.89,494170000
2020-07-23,26955.97,26973.85,26560.04,26652.33,26652.33,419800000
2020-07-22,26824.56,27035.24,26794.19,27005.84,27005.84,404340000
2020-07-21,26833.14,27025.38,26766.22,26840.40,26840.40,364930000
2020-07-20,26660.29,26765.02,26504.20,26680.87,26680.87,309390000
2020-07-17,26774.62,26808.43,26619.88,26671.95,26671.95,296460000
2020-07-16,26746.57,26879.16,26590.01,26734.71,26734.71,287330000
2020-07-15,27009.81,27071.33,26692.48,26870.10,26870.10,384900000
2020-07-14,26044.17,26690.52,25994.98,26642.59,26642.59,401640000
2020-07-13,26225.07,26639.09,26044.23,26085.80,26085.80,425320000
2020-07-10,25690.35,26101.32,25637.50,26075.30,26075.30,338170000
2020-07-09,26094.92,26103.28,25523.51,25706.09,25706.09,387610000
2020-07-08,25950.06,26109.49,25816.25,26067.28,26067.28,337300000
2020-07-07,26172.01,26174.93,25866.58,25890.18,25890.18,346820000
2020-07-06,25996.08,26297.53,25996.08,26287.03,26287.03,340690000
2020-07-02,25936.45,26204.41,25778.12,25827.36,25827.36,349130000
2020-07-01,25879.38,26019.31,25713.61,25734.97,25734.97,373180000
2020-06-30,25512.43,25905.38,25475.14,25812.88,25812.88,410780000
2020-06-29,25152.45,25601.15,25096.16,25595.80,25595.80,378070000
2020-06-26,25641.69,25641.69,24971.03,25015.55,25015.55,640860000
2020-06-25,25365.22,25769.61,25209.79,25745.60,25745.60,384560000
2020-06-24,25992.96,25992.96,25296.73,25445.94,25445.94,450120000
2020-06-23,26159.39,26314.97,26105.97,26156.10,26156.10,389980000
2020-06-22,25865.08,26059.81,25667.68,26024.96,26024.96,351780000
2020-06-19,26213.10,26451.44,25759.66,25871.46,25871.46,669390000
2020-06-18,26016.45,26154.20,25848.53,26080.10,26080.10,328390000
2020-06-17,26330.52,26400.07,26068.41,26119.61,26119.61,328830000
2020-06-16,26326.68,26611.03,25811.70,26289.98,26289.98,489500000
2020-06-15,25270.39,25891.58,24843.18,25763.16,25763.16,461230000
2020-06-12,25659.42,25965.55,25078.41,25605.54,25605.54,514440000
2020-06-11,26282.51,26294.08,25082.72,25128.17,25128.17,647780000
2020-06-10,27251.89,27355.22,26938.05,26989.99,26989.99,448930000
2020-06-09,27447.37,27447.37,27151.06,27272.30,27272.30,381430000
2020-06-08,27232.93,27580.21,27232.48,27572.44,27572.44,430200000
2020-06-05,26836.80,27338.30,26836.80,27110.98,27110.98,542310000
2020-06-04,26226.49,26384.10,26082.31,26281.82,26281.82,372190000
2020-06-03,25906.88,26337.75,25906.88,26269.89,26269.89,398790000
2020-06-02,25582.52,25743.13,25523.74,25742.65,25742.65,352610000
2020-06-01,25342.99,25508.83,25220.66,25475.02,25475.02,338310000
2020-05-29,25324.15,25482.80,25031.67,25383.11,25383.11,527620000
2020-05-28,25697.36,25758.79,25358.73,25400.64,25400.64,377800000
2020-05-27,25298.63,25551.56,25009.87,25548.27,25548.27,411230000
2020-05-26,24781.84,25176.42,24781.84,24995.11,24995.11,424380000
2020-05-22,24461.98,24481.64,24294.07,24465.16,24465.16,255660000
2020-05-21,24564.27,24718.46,24370.88,24474.12,24474.12,346770000
2020-05-20,24455.94,24649.48,24455.94,24575.90,24575.90,366510000
2020-05-19,24577.48,24599.50,24202.96,24206.86,24206.86,374100000
2020-05-18,24059.98,24708.54,24059.98,24597.37,24597.37,484190000
2020-05-15,23454.83,23730.08,23354.15,23685.42,23685.42,491510000
2020-05-14,23049.06,23630.86,22789.62,23625.34,23625.34,472700000
2020-05-13,23702.16,23708.90,23067.64,23247.97,23247.97,469950000
2020-05-12,24292.84,24382.09,23761.58,23764.78,23764.78,359480000
2020-05-11,24256.45,24366.21,24070.22,24221.99,24221.99,352400000
2020-05-08,24107.82,24349.90,24107.05,24331.32,24331.32,335760000
2020-05-07,23837.21,24094.62,23834.39,23875.89,23875.89,369890000
2020-05-06,23978.88,24054.59,23661.14,23664.64,23664.64,377450000
2020-05-05,23958.88,24169.72,23868.91,23883.09,23883.09,369710000
2020-05-04,23581.55,23769.56,23361.16,23749.76,23749.76,355360000
2020-05-01,24120.78,24120.78,23645.30,23723.69,23723.69,418160000
2020-04-30,24585.57,24585.57,24186.90,24345.72,24345.72,487840000
2020-04-29,24490.37,24764.77,24453.99,24633.86,24633.86,455290000
2020-04-28,24357.17,24512.24,24031.20,24101.55,24101.55,400250000
2020-04-27,23866.15,24207.65,23840.61,24133.78,24133.78,389390000
2020-04-24,23628.24,23826.00,23417.68,23775.27,23775.27,376020000
2020-04-23,23543.09,23885.36,23483.35,23515.26,23515.26,389290000
2020-04-22,23437.34,23613.10,23339.60,23475.82,23475.82,352880000
2020-04-21,23365.25,23365.25,22941.88,23018.88,23018.88,485140000
2020-04-20,24095.10,24108.69,23627.19,23650.44,23650.44,423410000
2020-04-17,23817.15,24264.21,23817.15,24242.49,24242.49,525950000
2020-04-16,23543.66,23598.08,23211.38,23537.68,23537.68,471050000
2020-04-15,23600.72,23649.72,23233.32,23504.35,23504.35,437630000
2020-04-14,23690.57,24040.58,23683.44,23949.76,23949.76,485910000
2020-04-13,23698.93,23698.93,23095.35,23390.77,23390.77,394320000
2020-04-09,23690.66,24008.99,23504.09,23719.37,23719.37,566400000
2020-04-08,22893.47,23513.40,22682.99,23433.57,23433.57,472740000
2020-04-07,23537.44,23617.24,22634.45,22653.86,22653.86,594660000
2020-04-06,21693.63,22783.45,21693.63,22679.99,22679.99,610760000
2020-04-03,21285.93,21447.81,20863.09,21052.53,21052.53,450010000
2020-04-02,20819.46,21477.77,20735.02,21413.44,21413.44,529540000
2020-04-01,21227.38,21487.24,20784.43,20943.51,20943.51,506680000
2020-03-31,22208.42,22480.37,21852.08,21917.16,21917.16,571210000
2020-03-30,21678.22,22378.09,21522.08,22327.48,22327.48,545540000
2020-03-27,21898.47,22327.57,21469.27,21636.78,21636.78,588830000
2020-03-26,21468.38,22595.06,21427.10,22552.17,22552.17,705180000
2020-03-25,21050.34,22019.93,20538.34,21200.55,21200.55,796320000
2020-03-24,19722.19,20737.70,19649.25,20704.91,20704.91,799340000
2020-03-23,19028.36,19121.01,18213.65,18591.93,18591.93,787970000
2020-03-20,20253.15,20531.26,19094.27,19173.98,19173.98,872290000
2020-03-19,19830.01,20442.63,19177.13,20087.19,20087.19,780300000
2020-03-18,20188.69,20489.33,18917.46,19898.92,19898.92,871360000
2020-03-17,20487.05,21379.35,19882.26,21237.38,21237.38,793060000
2020-03-16,20917.53,21768.28,20116.46,20188.52,20188.52,770130000
2020-03-13,21973.82,23189.76,21285.37,23185.62,23185.62,843080000
2020-03-12,22184.71,22837.95,21154.46,21200.62,21200.62,908260000
2020-03-11,24604.63,24604.63,23328.32,23553.22,23553.22,663960000
2020-03-10,24453.00,25020.99,23690.34,25018.16,25018.16,654860000
2020-03-09,24992.36,24992.36,23706.07,23851.02,23851.02,750430000
2020-03-06,25457.21,25994.38,25226.62,25864.78,25864.78,599780000
2020-03-05,26671.92,26671.92,25943.33,26121.28,26121.28,477370000
2020-03-04,26383.68,27102.34,26286.31,27090.86,27090.86,457590000
2020-03-03,26762.47,27084.59,25706.28,25917.41,25917.41,647080000
2020-03-02,25590.51,26706.17,25391.96,26703.32,26703.32,637200000
2020-02-28,25270.83,25494.24,24681.01,25409.36,25409.36,915990000
2020-02-27,26526.00,26775.31,25752.82,25766.64,25766.64,664980000
2020-02-26,27159.46,27542.78,26890.97,26957.59,26957.59,472450000
2020-02-25,28037.65,28149.20,26997.62,27081.36,27081.36,513270000
2020-02-24,28402.93,28402.93,27912.44,27960.80,27960.80,452580000
2020-02-21,29146.53,29146.53,28892.70,28992.41,28992.41,311210000
2020-02-20,29296.25,29368.45,28959.65,29219.98,29219.98,287780000
2020-02-19,29312.70,29409.09,29274.38,29348.03,29348.03,240640000
2020-02-18,29282.78,29330.16,29116.81,29232.19,29232.19,256600000
2020-02-14,29440.47,29463.04,29283.18,29398.08,29398.08,231000000
2020-02-13,29436.03,29535.40,29345.93,29423.31,29423.31,291150000
2020-02-12,29406.75,29568.57,29406.75,29551.42,29551.42,309530000
2020-02-11,29390.71,29415.39,29210.47,29276.34,29276.34,279540000
2020-02-10,28995.66,29278.07,28995.66,29276.82,29276.82,250510000
2020-02-07,29286.92,29286.92,29056.98,29102.51,29102.51,252860000
2020-02-06,29388.58,29408.05,29246.93,29379.77,29379.77,263700000
2020-02-05,29048.73,29308.89,29000.85,29290.85,29290.85,357540000
2020-02-04,28696.74,28904.88,28696.74,28807.63,28807.63,332750000
2020-02-03,28319.65,28630.39,28319.65,28399.81,28399.81,307910000
2020-01-31,28813.04,28813.04,28169.53,28256.03,28256.03,403890000
2020-01-30,28640.16,28879.71,28489.76,28859.44,28859.44,326850000
2020-01-29,28820.53,28944.24,28728.19,28734.45,28734.45,302290000
2020-01-28,28594.28,28823.23,28575.75,28722.85,28722.85,330140000
2020-01-27,28542.49,28671.79,28440.47,28535.80,28535.80,337270000
2020-01-24,29230.39,29288.79,28843.31,28989.73,28989.73,380010000
2020-01-23,29111.02,29190.47,28966.98,29160.09,29160.09,307060000
2020-01-22,29263.63,29320.20,29172.26,29186.27,29186.27,283440000
2020-01-21,29269.05,29341.21,29146.47,29196.04,29196.04,320640000
2020-01-17,29313.31,29373.62,29289.91,29348.10,29348.10,321820000
2020-01-16,29131.95,29300.32,29131.95,29297.64,29297.64,252110000
2020-01-15,28901.80,29127.59,28897.35,29030.22,29030.22,260270000
2020-01-14,28895.50,29054.16,28872.27,28939.67,28939.67,287440000
2020-01-13,28869.01,28909.91,28819.43,28907.05,28907.05,249830000
2020-01-10,28977.52,29009.07,28789.10,28823.77,28823.77,237830000
2020-01-09,28851.97,28988.01,28844.31,28956.90,28956.90,275060000
2020-01-08,28556.14,28866.18,28522.51,28745.09,28745.09,291750000
2020-01-07,28639.18,28685.50,28565.28,28583.68,28583.68,258900000
2020-01-06,28465.50,28708.02,28418.63,28703.38,28703.38,252760000
2020-01-03,28553.33,28716.31,28500.36,28634.88,28634.88,239590000
2020-01-02,28638.97,28872.80,28627.77,28868.80,28868.80,251820000
2019-12-31,28414.64,28547.35,28376.49,28538.44,28538.44,193340000
2019-12-30,28654.76,28664.69,28428.98,28462.14,28462.14,181600000
2019-12-27,28675.34,28701.66,28608.98,28645.26,28645.26,182280000
2019-12-26,28539.46,28624.10,28535.15,28621.39,28621.39,155970000
2019-12-24,28572.57,28576.80,28503.21,28515.45,28515.45,86150000
2019-12-23,28491.78,28582.49,28491.78,28551.53,28551.53,223530000
2019-12-20,28608.64,28608.64,28445.60,28455.09,28455.09,603780000
2019-12-19,28278.31,28381.48,28278.24,28376.96,28376.96,262570000
2019-12-18,28291.44,28323.25,28239.28,28239.28,28239.28,289890000
2019-12-17,28221.75,28328.63,28220.56,28267.16,28267.16,286770000
2019-12-16,28191.67,28337.49,28191.67,28235.89,28235.89,286770000
2019-12-13,28123.64,28290.73,28028.32,28135.38,28135.38,250660000
2019-12-12,27898.34,28224.95,27859.87,28132.05,28132.05,277740000
2019-12-11,27867.31,27925.50,27801.80,27911.30,27911.30,213510000
2019-12-10,27900.65,27949.02,27804.00,27881.72,27881.72,213250000
2019-12-09,27987.05,28010.42,27906.14,27909.60,27909.60,217000000
2019-12-06,27839.68,28035.85,27839.68,28015.06,28015.06,223310000
2019-12-05,27736.05,27745.20,27562.80,27677.79,27677.79,208600000
2019-12-04,27634.63,27727.45,27612.08,27649.78,27649.78,218200000
2019-12-03,27501.98,27524.74,27325.13,27502.81,27502.81,275350000
2019-12-02,28109.74,28109.84,27782.35,27783.04,27783.04,236610000
2019-11-29,28103.16,28119.51,28042.53,28051.41,28051.41,120630000
2019-11-27,28156.47,28174.97,28075.23,28164.00,28164.00,198210000
2019-11-26,28080.75,28146.02,28042.21,28121.68,28121.68,324050000
2019-11-25,27917.77,28068.69,27917.77,28066.47,28066.47,248420000
2019-11-22,27831.23,27898.46,27773.98,27875.62,27875.62,214780000
2019-11-21,27820.28,27828.33,27708.34,27766.29,27766.29,232020000
2019-11-20,27879.55,27897.28,27675.28,27821.09,27821.09,258140000
2019-11-19,28079.76,28090.21,27894.52,27934.02,27934.02,245890000
2019-11-18,27993.22,28040.97,27969.24,28036.22,28036.22,252320000
2019-11-15,27843.54,28004.89,27843.54,28004.89,28004.89,283720000
2019-11-14,27757.20,27800.71,27676.97,27781.96,27781.96,303970000
2019-11-13,27622.04,27806.40,27587.20,27783.59,27783.59,278390000
2019-11-12,27701.59,27770.86,27635.32,27691.49,27691.49,213670000
2019-11-11,27580.66,27714.39,27517.67,27691.49,27691.49,202350000
2019-11-08,27686.20,27694.95,27578.97,27681.24,27681.24,221440000
2019-11-07,27590.16,27774.67,27590.16,27674.80,27674.80,259020000
2019-11-06,27502.74,27526.05,27407.81,27492.56,27492.56,237910000
2019-11-05,27500.23,27560.36,27453.55,27492.63,27492.63,286350000
2019-11-04,27402.06,27517.58,27402.06,27462.11,27462.11,273030000
2019-11-01,27142.95,27347.43,27142.95,27347.36,27347.36,270870000
2019-10-31,27188.37,27188.37,26918.29,27046.23,27046.23,273830000
2019-10-30,27110.71,27204.36,26999.64,27186.69,27186.69,231750000
2019-10-29,27061.07,27165.94,27039.76,27071.46,27071.46,269610000
2019-10-28,27040.33,27167.88,27028.71,27090.72,27090.72,290770000
2019-10-25,26789.61,27015.37,26765.68,26958.06,26958.06,274610000
2019-10-24,26893.93,26931.78,26714.34,26805.53,26805.53,253590000
2019-10-23,26835.24,26896.89,26745.00,26833.95,26833.95,247680000
2019-10-22,26850.43,26946.64,26782.61,26788.10,26788.10,265510000
2019-10-21,26852.67,26852.67,26747.62,26827.64,26827.64,241030000
2019-10-18,27004.49,27018.25,26770.13,26770.20,26770.20,288970000
2019-10-17,27032.38,27112.16,26970.29,27025.88,27025.88,222540000
2019-10-16,26972.31,27058.34,26943.29,27001.98,27001.98,214660000
2019-10-15,26811.20,27120.11,26811.20,27024.80,27024.80,245510000
2019-10-14,26766.43,26874.33,26749.18,26787.36,26787.36,178620000
2019-10-11,26694.20,27013.97,26694.20,26816.59,26816.59,282080000
2019-10-10,26317.35,26603.31,26314.51,26496.67,26496.67,217680000
2019-10-09,26308.23,26424.31,26249.75,26346.01,26346.01,190060000
2019-10-08,26276.59,26421.81,26139.80,26164.04,26164.04,244590000
2019-10-07,26502.33,26655.84,26424.54,26478.02,26478.02,195200000
2019-10-04,26271.70,26590.74,26271.70,26573.72,26573.72,221310000
2019-10-03,26039.02,26205.20,25743.46,26201.04,26201.04,241610000
2019-10-02,26425.86,26438.04,25974.12,26078.62,26078.62,309640000
2019-10-01,26962.54,27046.21,26562.22,26573.04,26573.04,260110000
2019-09-30,26852.33,26998.86,26852.33,26916.83,26916.83,222680000
2019-09-27,26987.26,27012.54,26715.82,26820.25,26820.25,217780000
2019-09-26,27004.11,27015.07,26803.84,26891.12,26891.12,229180000
2019-09-25,26866.71,27016.56,26755.86,26970.71,26970.71,237220000
2019-09-24,27034.07,27079.68,26704.96,26807.77,26807.77,301750000
2019-09-23,26851.45,27011.07,26831.34,26949.99,26949.99,204240000
2019-09-20,27102.18,27194.75,26926.68,26935.07,26935.07,497640000
2019-09-19,27186.05,27272.17,27064.21,27094.79,27094.79,212360000
2019-09-18,27075.39,27161.93,26899.15,27147.08,27147.08,212860000
2019-09-17,27010.12,27110.80,26984.14,27110.80,27110.80,223580000
2019-09-16,27146.06,27172.87,27032.56,27076.82,27076.82,220620000
2019-09-13,27216.67,27277.55,27193.95,27219.52,27219.52,255260000
2019-09-12,27197.32,27306.73,27105.01,27182.45,27182.45,250010000
2019-09-11,26928.05,27137.04,26885.48,27137.04,27137.04,272590000
2019-09-10,26805.83,26909.43,26717.05,26909.43,26909.43,322340000
2019-09-09,26866.23,26900.83,26762.18,26835.51,26835.51,273120000
2019-09-06,26790.25,26860.87,26708.39,26797.46,26797.46,209700000
2019-09-05,26603.15,26836.30,26603.15,26728.15,26728.15,256670000
2019-09-04,26301.99,26362.35,26244.44,26355.47,26355.47,202710000
2019-09-03,26198.26,26198.26,25978.22,26118.02,26118.02,223210000
2019-08-30,26476.39,26514.62,26295.59,26403.28,26403.28,216160000
2019-08-29,26249.09,26408.84,26185.71,26362.25,26362.25,208650000
2019-08-28,25712.99,26041.57,25637.43,26036.10,26036.10,207070000
2019-08-27,26014.46,26054.02,25721.85,25777.90,25777.90,263530000
2019-08-26,25826.05,25941.25,25716.39,25898.83,25898.83,222780000
2019-08-23,26134.21,26320.29,25507.18,25628.90,25628.90,364260000
2019-08-22,26271.64,26388.78,26099.01,26252.24,26252.24,222810000
2019-08-21,26145.36,26268.32,26141.77,26202.73,26202.73,208790000
2019-08-20,26086.86,26160.12,25952.00,25962.44,25962.44,238100000
2019-08-19,26020.06,26222.32,26020.06,26135.79,26135.79,252640000
2019-08-16,25678.17,25929.65,25678.17,25886.01,25886.01,276210000
2019-08-15,25514.25,25639.69,25339.60,25579.39,25579.39,332600000
2019-08-14,26035.08,26035.08,25471.59,25479.42,25479.42,352250000
2019-08-13,25888.88,26426.97,25833.25,26279.91,26279.91,308900000
2019-08-12,26169.91,26178.95,25824.94,25896.44,25896.44,199390000
2019-08-09,26337.09,26413.36,26097.64,26287.44,26287.44,240260000
2019-08-08,26086.52,26383.61,26038.10,26378.19,26378.19,282530000
2019-08-07,25814.22,26073.21,25440.39,26007.07,26007.07,344790000
2019-08-06,25810.62,26038.68,25710.87,26029.52,26029.52,318160000
2019-08-05,26259.23,26259.23,25523.38,25717.74,25717.74,422240000
2019-08-02,26528.66,26570.02,26249.22,26485.01,26485.01,327640000
2019-08-01,26879.86,27175.59,26548.71,26583.42,26583.42,386320000
2019-07-31,27244.67,27281.65,26719.60,26864.27,26864.27,385150000
2019-07-30,27145.39,27224.36,27069.86,27198.02,27198.02,293250000
2019-07-29,27192.24,27275.85,27178.06,27221.35,27221.35,250850000
2019-07-26,27166.00,27213.70,27123.25,27192.45,27192.45,233650000
2019-07-25,27247.39,27298.43,27062.48,27140.98,27140.98,241420000
2019-07-24,27262.24,27291.04,27191.12,27269.97,27269.97,244320000
2019-07-23,27231.86,27368.81,27204.58,27349.19,27349.19,248850000
2019-07-22,27174.18,27227.77,27088.90,27171.90,27171.90,216310000
2019-07-19,27246.38,27342.96,27145.78,27154.20,27154.20,287690000
2019-07-18,27191.98,27266.81,27068.79,27222.97,27222.97,216070000
2019-07-17,27320.91,27343.06,27218.38,27219.85,27219.85,193930000
2019-07-16,27349.32,27398.68,27290.24,27335.63,27335.63,226000000
2019-07-15,27364.69,27364.69,27294.17,27359.16,27359.16,199730000
2019-07-12,27139.49,27333.79,27135.45,27332.03,27332.03,248390000
2019-07-11,26950.16,27088.45,26916.32,27088.08,27088.08,252300000
2019-07-10,26851.96,26983.45,26813.11,26860.20,26860.20,207990000
2019-07-09,26725.12,26807.70,26665.57,26783.49,26783.49,218330000
2019-07-08,26835.64,26839.14,26744.87,26806.14,26806.14,214290000
2019-07-05,26867.75,26950.81,26733.33,26922.12,26922.12,192170000
2019-07-03,26832.32,26966.00,26831.44,26966.00,26966.00,149840000
2019-07-02,26719.53,26787.56,26632.65,26786.68,26786.68,219270000
2019-07-01,26805.86,26890.64,26616.21,26717.43,26717.43,267670000
2019-06-28,26605.93,26638.35,26522.27,26599.96,26599.96,499350000
2019-06-27,26523.72,26607.24,26465.32,26526.58,26526.58,246930000
2019-06-26,26599.42,26660.04,26536.33,26536.82,26536.82,274340000
2019-06-25,26731.61,26752.31,26527.66,26548.22,26548.22,282160000
2019-06-24,26727.61,26806.52,26723.37,26727.54,26727.54,232390000
2019-06-21,26749.12,26907.37,26705.87,26719.13,26719.13,485560000
2019-06-20,26665.38,26798.63,26539.69,26753.17,26753.17,278170000
2019-06-19,26490.16,26569.75,26415.05,26504.00,26504.00,240950000
2019-06-18,26228.90,26527.19,26227.80,26465.54,26465.54,273490000
2019-06-17,26108.53,26165.78,26049.80,26112.53,26112.53,199500000
2019-06-14,26076.36,26162.28,25988.09,26089.61,26089.61,208020000
2019-06-13,26036.94,26146.91,25995.71,26106.77,26106.77,213400000
2019-06-12,26040.30,26082.10,25958.66,26004.83,26004.83,223690000
2019-06-11,26180.59,26248.67,25998.87,26048.51,26048.51,253490000
2019-06-10,26090.22,26210.61,26054.31,26062.68,26062.68,249280000
2019-06-07,25768.72,26072.75,25768.72,25983.94,25983.94,263010000
2019-06-06,25567.45,25800.30,25518.05,25720.66,25720.66,248070000
2019-06-05,25451.00,25544.66,25373.58,25539.57,25539.57,262660000
2019-06-04,24962.82,25343.77,24962.82,25332.18,25332.18,281690000
2019-06-03,24830.16,24935.21,24680.57,24819.78,24819.78,328240000
2019-05-31,25046.31,25046.31,24809.51,24815.04,24815.04,292230000
2019-05-30,25139.94,25218.54,25066.75,25169.88,25169.88,215240000
2019-05-29,25231.46,25231.46,24938.24,25126.41,25126.41,298930000
2019-05-28,25616.55,25717.63,25342.28,25347.77,25347.77,358980000
2019-05-24,25551.07,25670.81,25496.20,25585.69,25585.69,201370000
2019-05-23,25657.99,25657.99,25328.09,25490.47,25490.47,316940000
2019-05-22,25818.46,25878.21,25755.11,25776.61,25776.61,241760000
2019-05-21,25782.34,25898.27,25779.61,25877.33,25877.33,260870000
2019-05-20,25655.31,25751.71,25560.55,25679.90,25679.90,279560000
2019-05-17,25719.95,25948.74,25657.78,25764.00,25764.00,283760000
2019-05-16,25692.14,25957.63,25692.14,25862.68,25862.68,320960000
2019-05-15,25400.13,25724.89,25341.94,25648.02,25648.02,270720000
2019-05-14,25384.03,25688.96,25384.03,25532.05,25532.05,291570000
2019-05-13,25568.06,25568.06,25222.51,25324.99,25324.99,361240000
2019-05-10,25763.72,26019.32,25469.86,25942.37,25942.37,294580000
2019-05-09,25878.85,25884.89,25517.39,25828.36,25828.36,334760000
2019-05-08,25933.79,26118.10,25889.41,25967.33,25967.33,276420000
2019-05-07,26276.90,26276.90,25789.71,25965.09,25965.09,334960000
2019-05-06,26160.62,26476.27,26033.95,26438.48,26438.48,283020000
2019-05-03,26379.14,26534.96,26370.09,26504.95,26504.95,248900000
2019-05-02,26407.15,26454.69,26180.36,26307.79,26307.79,287610000
2019-05-01,26639.06,26689.39,26426.38,26430.14,26430.14,303850000
2019-04-30,26594.56,26614.04,26419.47,26592.91,26592.91,340320000
2019-04-29,26559.87,26602.54,26520.75,26554.39,26554.39,279450000
2019-04-26,26454.62,26543.56,26392.55,26543.33,26543.33,317290000
2019-04-25,26426.37,26536.48,26310.28,26462.08,26462.08,296730000
2019-04-24,26652.56,26680.58,26582.86,26597.05,26597.05,283370000
2019-04-23,26513.83,26695.96,26503.56,26656.39,26656.39,311690000
2019-04-22,26510.77,26553.05,26458.61,26511.05,26511.05,232570000
2019-04-18,26463.37,26602.42,26444.53,26559.54,26559.54,332850000
2019-04-17,26468.53,26501.02,26391.86,26449.54,26449.54,367780000
2019-04-16,26482.19,26530.71,26397.19,26452.66,26452.66,302340000
2019-04-15,26407.76,26424.85,26316.42,26384.77,26384.77,250620000
2019-04-12,26357.79,26436.68,26309.72,26412.30,26412.30,369910000
2019-04-11,26188.21,26229.88,26062.59,26143.05,26143.05,211680000
2019-04-10,26173.71,26209.49,26101.24,26157.16,26157.16,203130000
2019-04-09,26243.54,26246.34,26103.14,26150.58,26150.58,244410000
2019-04-08,26312.67,26344.65,26246.03,26341.02,26341.02,229380000
2019-04-05,26427.56,26487.57,26370.82,26424.99,26424.99,229550000
2019-04-04,26213.42,26398.90,26212.78,26384.63,26384.63,233040000
2019-04-03,26238.03,26282.17,26138.47,26218.13,26218.13,271980000
2019-04-02,26213.55,26221.24,26122.31,26179.13,26179.13,250940000
2019-04-01,26075.10,26280.90,26071.69,26258.42,26258.42,295570000
2019-03-29,25827.31,25949.32,25771.67,25928.68,25928.68,300620000
2019-03-28,25693.32,25743.41,25576.69,25717.46,25717.46,237170000
2019-03-27,25676.34,25758.17,25425.27,25625.59,25625.59,270340000
2019-03-26,25649.56,25796.29,25544.78,25657.73,25657.73,305110000
2019-03-25,25490.72,25603.27,25372.26,25516.83,25516.83,303120000
2019-03-22,25844.65,25877.01,25501.45,25502.32,25502.32,386510000
2019-03-21,25688.44,26009.90,25657.78,25962.51,25962.51,335250000
2019-03-20,25867.79,25929.52,25670.63,25745.67,25745.67,321980000
2019-03-19,25987.87,26109.68,25814.92,25887.38,25887.38,342250000
2019-03-18,25801.88,25924.77,25785.66,25914.10,25914.10,303170000
2019-03-15,25720.96,25927.91,25649.70,25848.87,25848.87,616910000
2019-03-14,25692.31,25752.84,25621.31,25709.94,25709.94,302790000
2019-03-13,25637.23,25776.49,25571.31,25702.89,25702.89,331410000
2019-03-12,25600.30,25675.44,25522.17,25554.66,25554.66,317730000
2019-03-11,25208.00,25661.63,25208.00,25650.88,25650.88,309790000
2019-03-08,25347.38,25466.14,25252.46,25450.24,25450.24,270500000
2019-03-07,25645.45,25645.45,25352.55,25473.23,25473.23,289140000
2019-03-06,25818.76,25837.61,25633.71,25673.46,25673.46,256250000
2019-03-05,25829.07,25877.15,25725.63,25806.63,25806.63,252260000
2019-03-04,26122.19,26155.98,25611.55,25819.65,25819.65,295510000
2019-03-01,26019.67,26143.92,25914.37,26026.32,26026.32,289890000
2019-02-28,25984.28,26029.21,25896.56,25916.00,25916.00,338520000
2019-02-27,25995.60,26039.68,25877.24,25985.16,25985.16,255380000
2019-02-26,26051.61,26155.29,25966.01,26057.98,26057.98,257850000
2019-02-25,26126.15,26241.42,26080.66,26091.95,26091.95,281600000
2019-02-22,25906.27,26052.90,25906.27,26031.81,26031.81,279760000
2019-02-21,25922.41,25938.88,25762.21,25850.63,25850.63,255710000
2019-02-20,25872.26,25986.20,25846.48,25954.44,25954.44,287880000
2019-02-19,25849.85,25961.44,25820.01,25891.32,25891.32,280620000
2019-02-15,25564.63,25883.72,25564.63,25883.25,25883.25,328530000
2019-02-14,25460.65,25558.90,25308.09,25439.39,25439.39,313010000
2019-02-13,25480.86,25625.95,25480.86,25543.27,25543.27,263330000
2019-02-12,25152.03,25458.98,25152.03,25425.76,25425.76,278110000
2019-02-11,25142.81,25196.75,25009.10,25053.11,25053.11,241700000
2019-02-08,25042.36,25106.39,24883.04,25106.33,25106.33,248210000
2019-02-07,25265.81,25314.26,25000.52,25169.53,25169.53,295460000
2019-02-06,25371.57,25439.04,25312.06,25390.30,25390.30,247590000
2019-02-05,25287.93,25427.32,25287.65,25411.52,25411.52,310650000
2019-02-04,25062.12,25239.91,24977.67,25239.37,25239.37,298540000
2019-02-01,25025.31,25193.15,24982.49,25063.89,25063.89,372090000
2019-01-31,24954.48,25049.62,24842.09,24999.67,24999.67,507350000
2019-01-30,24826.52,25109.62,24790.90,25014.86,25014.86,397330000
2019-01-29,24519.62,24674.87,24504.04,24579.96,24579.96,330870000
2019-01-28,24596.98,24596.98,24323.94,24528.22,24528.22,347170000
2019-01-25,24687.21,24860.15,24676.75,24737.20,24737.20,376890000
2019-01-24,24579.96,24626.30,24422.73,24553.24,24553.24,320170000
2019-01-23,24577.25,24700.98,24307.17,24575.62,24575.62,318600000
2019-01-22,24607.76,24607.76,24244.31,24404.48,24404.48,338480000
2019-01-18,24534.19,24750.22,24459.03,24706.35,24706.35,372970000
2019-01-17,24147.09,24474.46,24088.90,24370.10,24370.10,288590000
2019-01-16,24139.91,24288.61,24119.72,24207.16,24207.16,302830000
2019-01-15,23914.11,24099.14,23887.93,24065.59,24065.59,291570000
2019-01-14,23880.53,23964.90,23765.24,23909.84,23909.84,277560000
2019-01-11,23940.01,23996.32,23798.16,23995.95,23995.95,262650000
2019-01-10,23811.11,24014.78,23703.25,24001.92,24001.92,338150000
2019-01-09,23844.27,24084.71,23703.16,23879.12,23879.12,324570000
2019-01-08,23680.32,23864.65,23581.45,23787.45,23787.45,317420000
2019-01-07,23474.26,23687.74,23301.59,23531.35,23531.35,334200000
2019-01-04,22894.92,23518.64,22894.92,23433.16,23433.16,396020000
2019-01-03,23176.39,23176.39,22638.41,22686.22,22686.22,424240000
2019-01-02,23058.61,23413.47,22928.59,23346.24,23346.24,321570000
2018-12-31,23153.94,23333.18,23118.30,23327.46,23327.46,288830000
2018-12-28,23213.61,23381.88,22981.33,23062.40,23062.40,336510000
2018-12-27,22629.06,23138.89,22267.42,23138.82,23138.82,407940000
2018-12-26,21857.73,22878.92,21712.53,22878.45,22878.45,433080000
2018-12-24,22317.28,22339.87,21792.20,21792.20,21792.20,308420000
2018-12-21,22871.74,23254.59,22396.34,22445.37,22445.37,900510000
2018-12-20,23224.12,23282.20,22644.31,22859.60,22859.60,576700000
2018-12-19,23693.33,24057.34,23162.64,23323.66,23323.66,503550000
2018-12-18,23769.13,23927.77,23516.02,23675.64,23675.64,408070000
2018-12-17,23986.83,24088.08,23456.88,23592.98,23592.98,466740000
2018-12-14,24408.04,24431.14,24033.79,24100.51,24100.51,416940000
2018-12-13,24575.86,24740.96,24473.29,24597.38,24597.38,299970000
2018-12-12,24509.09,24828.29,24509.09,24527.27,24527.27,344330000
2018-12-11,24719.91,24791.26,24221.06,24370.24,24370.24,342960000
2018-12-10,24360.95,24500.81,23881.37,24423.26,24423.26,389690000
2018-12-07,24918.82,25095.62,24284.78,24388.95,24388.95,398230000
2018-12-06,24737.42,24951.01,24242.22,24947.67,24947.67,471690000
2018-12-04,25752.56,25773.12,25008.11,25027.07,25027.07,418900000
2018-12-03,25779.57,25980.21,25670.51,25826.43,25826.43,388480000
2018-11-30,25307.14,25549.71,25250.97,25538.46,25538.46,482250000
2018-11-29,25343.65,25479.04,25202.79,25338.84,25338.84,305110000
2018-11-28,24832.84,25368.93,24832.84,25366.43,25366.43,362160000
2018-11-27,24557.02,24750.73,24416.03,24748.73,24748.73,308250000
2018-11-26,24364.13,24673.29,24364.13,24640.24,24640.24,306280000
2018-11-23,24336.40,24408.80,24268.74,24285.95,24285.95,155940000
2018-11-21,24541.65,24669.79,24463.28,24464.69,24464.69,289370000
2018-11-20,24618.68,24707.26,24368.98,24465.64,24465.64,445920000
2018-11-19,25392.61,25392.61,24900.98,25017.44,25017.44,358090000
2018-11-16,25242.35,25510.23,25147.80,25413.22,25413.22,354460000
2018-11-15,25061.48,25354.56,24787.79,25289.27,25289.27,392750000
2018-11-14,25388.08,25501.29,24935.82,25080.50,25080.50,384240000
2018-11-13,25321.21,25511.03,25193.78,25286.49,25286.49,339690000
2018-11-12,25959.33,25966.71,25340.51,25387.18,25387.18,346910000
2018-11-09,26149.11,26161.49,25882.91,25989.30,25989.30,324450000
2018-11-08,26139.59,26277.82,26081.90,26191.22,26191.22,295650000
2018-11-07,25788.46,26200.14,25765.88,26180.30,26180.30,361780000
2018-11-06,25452.83,25651.86,25444.90,25635.01,25635.01,265450000
2018-11-05,25261.47,25507.35,25261.47,25461.70,25461.70,334740000
2018-11-02,25443.60,25578.98,25078.72,25270.83,25270.83,429480000
2018-11-01,25142.08,25396.47,25108.11,25380.74,25380.74,383970000
2018-10-31,25008.82,25336.55,25008.82,25115.76,25115.76,448930000
2018-10-30,24482.04,24906.68,24415.69,24874.64,24874.64,470050000
2018-10-29,24818.98,25040.58,24122.23,24442.92,24442.92,443850000
2018-10-26,24770.25,24916.16,24445.19,24688.31,24688.31,505310000
2018-10-25,24736.54,25104.29,24645.56,24984.55,24984.55,439670000
2018-10-24,25172.88,25306.23,24533.19,24583.42,24583.42,496400000
2018-10-23,25038.46,25307.70,24768.79,25191.43,25191.43,436430000
2018-10-22,25492.14,25561.34,25236.05,25317.41,25317.41,314940000
2018-10-19,25421.09,25608.71,25350.02,25444.34,25444.34,350810000
2018-10-18,25645.56,25691.46,25236.01,25379.45,25379.45,328020000
2018-10-17,25705.87,25810.09,25479.16,25706.68,25706.68,298210000
2018-10-16,25351.53,25817.68,25351.53,25798.42,25798.42,305800000
2018-10-15,25332.46,25482.42,25243.88,25250.55,25250.55,287320000
2018-10-12,25407.63,25467.55,25000.83,25339.99,25339.99,397510000
2018-10-11,25518.39,25683.64,24899.77,25052.83,25052.83,522880000
2018-10-10,26441.73,26487.87,25567.10,25598.74,25598.74,438200000
2018-10-09,26469.19,26539.94,26324.16,26430.57,26430.57,282560000
2018-10-08,26399.45,26529.35,26223.09,26486.78,26486.78,273020000
2018-10-05,26632.77,26676.16,26301.81,26447.05,26447.05,267100000
2018-10-04,26784.08,26793.82,26471.61,26627.48,26627.48,289600000
2018-10-03,26833.47,26951.81,26789.08,26828.39,26828.39,280130000
2018-10-02,26648.91,26824.78,26627.66,26773.94,26773.94,258290000
2018-10-01,26598.36,26737.98,26596.05,26651.21,26651.21,238320000
2018-09-28,26407.66,26515.76,26383.57,26458.31,26458.31,264030000
2018-09-27,26418.27,26557.01,26379.95,26439.93,26439.93,226350000
2018-09-26,26536.86,26606.09,26349.34,26385.28,26385.28,262620000
2018-09-25,26601.58,26634.85,26475.58,26492.21,26492.21,234110000
2018-09-24,26705.25,26709.94,26548.68,26562.05,26562.05,254850000
2018-09-21,26726.25,26769.16,26680.37,26743.50,26743.50,657620000
2018-09-20,26519.39,26697.49,26519.39,26656.98,26656.98,260480000
2018-09-19,26287.84,26464.41,26280.76,26405.76,26405.76,251330000
2018-09-18,26076.21,26317.34,26076.21,26246.96,26246.96,243000000
2018-09-17,26151.66,26184.47,26030.35,26062.12,26062.12,230230000
2018-09-14,26169.56,26211.11,26068.29,26154.67,26154.67,228640000
2018-09-13,26083.94,26191.64,26067.08,26145.99,26145.99,260800000
2018-09-12,25989.07,26145.72,25929.43,25998.92,25998.92,282770000
2018-09-11,25841.14,26019.92,25754.32,25971.06,25971.06,265960000
2018-09-10,25991.91,26039.96,25854.13,25857.07,25857.07,252170000
2018-09-07,25951.02,26002.99,25818.39,25916.54,25916.54,281350000
2018-09-06,25973.02,26073.68,25880.84,25995.87,25995.87,262380000
2018-09-05,25919.84,26011.22,25871.04,25974.99,25974.99,289210000
2018-09-04,25916.07,25971.77,25805.95,25952.48,25952.48,254600000
2018-08-31,25964.85,26028.83,25879.77,25964.82,25964.82,273440000
2018-08-30,26099.01,26104.37,25934.80,25986.92,25986.92,240440000
2018-08-29,26082.53,26167.94,26035.30,26124.57,26124.57,214960000
2018-08-28,26092.70,26122.24,26037.85,26064.02,26064.02,211470000
2018-08-27,25882.71,26067.57,25882.71,26049.64,26049.64,220510000
2018-08-24,25688.58,25826.05,25688.58,25790.35,25790.35,200330000
2018-08-23,25714.86,25762.56,25608.02,25656.98,25656.98,213270000
2018-08-22,25825.06,25836.16,25722.43,25733.60,25733.60,200480000
2018-08-21,25786.99,25888.82,25784.90,25822.29,25822.29,241620000
2018-08-20,25727.70,25790.17,25716.41,25758.69,25758.69,248570000
2018-08-17,25550.80,25728.16,25521.66,25669.32,25669.32,284160000
2018-08-16,25294.97,25607.34,25294.97,25558.73,25558.73,342430000
2018-08-15,25235.37,25235.37,24965.77,25162.41,25162.41,295810000
2018-08-14,25215.69,25339.51,25201.87,25299.92,25299.92,219210000
2018-08-13,25327.19,25381.39,25153.93,25187.70,25187.70,219990000
2018-08-10,25401.19,25401.19,25222.88,25313.14,25313.14,234480000
2018-08-09,25589.79,25613.31,25492.69,25509.23,25509.23,214970000
2018-08-08,25615.72,25634.11,25557.48,25583.75,25583.75,217770000
2018-08-07,25551.65,25692.72,25551.65,25628.91,25628.91,239910000
2018-08-06,25437.43,25540.02,25381.38,25502.18,25502.18,238990000
2018-08-03,25360.37,25467.90,25325.17,25462.58,25462.58,239020000
2018-08-02,25256.45,25360.48,25120.07,25326.16,25326.16,307700000
2018-08-01,25461.63,25488.80,25278.32,25333.82,25333.82,315880000
2018-07-31,25345.21,25490.98,25345.21,25415.19,25415.19,348700000
2018-07-30,25439.32,25500.16,25287.38,25306.83,25306.83,296880000
2018-07-27,25520.52,25580.22,25370.07,25451.06,25451.06,329680000
2018-07-26,25468.55,25587.24,25463.16,25527.07,25527.07,297530000
2018-07-25,25183.70,25432.87,25113.55,25414.10,25414.10,273670000
2018-07-24,25092.43,25286.62,25092.43,25241.94,25241.94,274940000
2018-07-23,25036.90,25081.45,24983.33,25044.29,25044.29,228820000
2018-07-20,25041.14,25124.10,24986.35,25058.12,25058.12,274080000
2018-07-19,25139.15,25154.17,25052.62,25064.50,25064.50,285760000
2018-07-18,25133.79,25215.32,25101.12,25199.29,25199.29,252870000
2018-07-17,25033.92,25155.39,24989.61,25119.89,25119.89,250450000
2018-07-16,25025.58,25072.41,24979.64,25064.36,25064.36,231270000
2018-07-13,24926.07,25043.21,24890.06,25019.41,25019.41,255520000
2018-07-12,24802.90,24939.97,24802.90,24924.89,24924.89,233150000
2018-07-11,24789.48,24815.16,24663.82,24700.45,24700.45,237370000
2018-07-10,24806.97,24945.38,24806.97,24919.66,24919.66,235040000
2018-07-09,24519.20,24796.52,24518.43,24776.59,24776.59,240580000
2018-07-06,24352.47,24520.29,24281.47,24456.48,24456.48,219450000
2018-07-05,24285.82,24372.80,24177.44,24356.74,24356.74,237670000
2018-07-03,24359.39,24444.88,24150.85,24174.82,24174.82,160960000
2018-07-02,24161.53,24319.42,24077.56,24307.18,24307.18,244110000
2018-06-29,24323.93,24509.52,24269.71,24271.41,24271.41,329070000
2018-06-28,24064.19,24308.16,23997.21,24216.05,24216.05,305020000
2018-06-27,24303.11,24569.02,24115.82,24117.59,24117.59,313790000
2018-06-26,24281.89,24384.21,24241.22,24283.11,24283.11,301130000
2018-06-25,24463.73,24463.73,24084.39,24252.80,24252.80,439130000
2018-06-22,24526.97,24663.18,24526.97,24580.89,24580.89,473970000
2018-06-21,24639.21,24639.21,24406.63,24461.70,24461.70,349570000
2018-06-20,24771.17,24804.76,24628.39,24657.80,24657.80,359520000
2018-06-19,24763.59,24763.59,24567.75,24700.21,24700.21,376380000
2018-06-18,24944.28,25003.10,24825.77,24987.47,24987.47,337070000
2018-06-15,25116.71,25130.82,24894.38,25090.48,25090.48,659370000
2018-06-14,25254.65,25332.50,25138.60,25175.31,25175.31,341170000
2018-06-13,25328.65,25362.07,25191.42,25201.20,25201.20,329700000
2018-06-12,25346.82,25364.37,25247.04,25320.73,25320.73,265750000
2018-06-11,25336.67,25402.83,25290.20,25322.31,25322.31,276740000
2018-06-08,25209.29,25325.63,25165.70,25316.53,25316.53,317510000
2018-06-07,25192.14,25326.09,25164.48,25241.41,25241.41,357680000
2018-06-06,24854.14,25146.46,24854.14,25146.39,25146.39,316090000
2018-06-05,24820.12,24838.78,24710.82,24799.98,24799.98,306340000
2018-06-04,24727.55,24859.37,24722.14,24813.69,24813.69,340400000
2018-06-01,24542.09,24673.60,24542.09,24635.21,24635.21,315710000
2018-05-31,24620.79,24620.79,24352.15,24415.84,24415.84,429740000
2018-05-30,24467.83,24714.48,24459.09,24667.78,24667.78,324870000
2018-05-29,24606.59,24635.18,24247.84,24361.45,24361.45,395810000
2018-05-25,24781.29,24824.22,24687.81,24753.09,24753.09,257210000
2018-05-24,24877.36,24877.36,24605.90,24811.76,24811.76,347050000
2018-05-23,24757.71,24889.46,24667.12,24886.81,24886.81,399610000
2018-05-22,25047.55,25064.99,24812.06,24834.41,24834.41,288200000
2018-05-21,24883.06,25086.49,24883.06,25013.29,25013.29,308920000
2018-05-18,24707.72,24774.97,24664.87,24715.09,24715.09,269700000
2018-05-17,24752.40,24839.49,24639.40,24713.98,24713.98,314650000
2018-05-16,24722.32,24801.19,24672.79,24768.93,24768.93,280810000
2018-05-15,24809.55,24809.55,24629.39,24706.41,24706.41,301900000
2018-05-14,24879.37,24994.19,24862.52,24899.41,24899.41,282860000
2018-05-11,24758.64,24868.65,24717.50,24831.17,24831.17,274150000
2018-05-10,24591.66,24794.99,24575.91,24739.53,24739.53,304210000
2018-05-09,24399.18,24586.48,24323.87,24542.54,24542.54,361580000
2018-05-08,24341.35,24412.34,24198.34,24360.21,24360.21,344940000
2018-05-07,24317.66,24479.45,24263.42,24357.32,24357.32,307670000
2018-05-04,23865.22,24333.35,23778.87,24262.51,24262.51,329480000
2018-05-03,23836.23,23996.15,23531.31,23930.15,23930.15,389240000
2018-05-02,24097.63,24185.52,23886.30,23924.98,23924.98,385350000
2018-05-01,24117.29,24117.29,23808.19,24099.05,24099.05,380070000
2018-04-30,24410.41,24498.23,24163.08,24163.15,24163.15,416650000
2018-04-27,24342.14,24359.38,24194.45,24311.19,24311.19,392810000
2018-04-26,24128.72,24402.46,24128.72,24322.34,24322.34,390360000
2018-04-25,24070.20,24146.34,23823.08,24083.83,24083.83,437100000
2018-04-24,24579.94,24579.94,23828.73,24024.13,24024.13,468180000
2018-04-23,24488.07,24536.89,24328.54,24448.69,24448.69,351030000
2018-04-20,24657.39,24678.07,24375.04,24462.94,24462.94,537770000
2018-04-19,24711.30,24762.48,24557.03,24664.89,24664.89,381110000
2018-04-18,24820.85,24832.54,24721.09,24748.07,24748.07,302030000
2018-04-17,24681.79,24858.97,24681.79,24786.63,24786.63,342410000
2018-04-16,24483.15,24675.36,24480.20,24573.04,24573.04,305070000
2018-04-13,24582.82,24646.45,24243.74,24360.14,24360.14,331890000
2018-04-12,24302.82,24592.12,24302.82,24483.05,24483.05,336130000
2018-04-11,24274.19,24366.57,24150.87,24189.45,24189.45,286360000
2018-04-10,24198.95,24511.35,24198.95,24408.00,24408.00,368590000
2018-04-09,24037.52,24373.18,23954.83,23979.10,23979.10,380790000
2018-04-06,24373.60,24434.40,23738.20,23932.76,23932.76,395990000
2018-04-05,24313.91,24622.26,24313.91,24505.22,24505.22,347790000
2018-04-04,23654.15,24308.96,23523.16,24264.30,24264.30,388540000
2018-04-03,23698.33,24044.35,23664.33,24033.36,24033.36,394130000
2018-04-02,24076.60,24123.80,23344.52,23644.19,23644.19,509820000
2018-03-29,23949.18,24314.30,23928.13,24103.11,24103.11,463550000
2018-03-28,23883.08,24092.47,23728.67,23848.42,23848.42,530040000
2018-03-27,24276.62,24446.22,23708.73,23857.71,23857.71,524480000
2018-03-26,23825.74,24232.30,23741.22,24202.60,24202.60,479540000
2018-03-23,23995.18,24108.47,23509.06,23533.20,23533.20,482550000
2018-03-22,24526.01,24526.01,23938.74,23957.89,23957.89,439280000
2018-03-21,24723.49,24977.65,24655.40,24682.31,24682.31,343230000
2018-03-20,24650.64,24803.61,24650.64,24727.27,24727.27,342510000
2018-03-19,24893.69,24893.69,24453.14,24610.91,24610.91,377990000
2018-03-16,24877.34,25031.00,24857.09,24946.51,24946.51,654240000
2018-03-15,24837.29,25053.87,24753.29,24873.66,24873.66,316310000
2018-03-14,25086.97,25130.12,24668.83,24758.12,24758.12,356830000
2018-03-13,25257.75,25376.40,24947.50,25007.03,25007.03,447880000
2018-03-12,25372.44,25449.15,25152.02,25178.61,25178.61,362580000
2018-03-09,25004.89,25336.33,25004.89,25335.74,25335.74,371570000
2018-03-08,24853.41,24950.49,24703.05,24895.21,24895.21,327300000
2018-03-07,24758.15,24849.68,24535.12,24801.36,24801.36,394070000
2018-03-06,24965.89,24995.24,24708.41,24884.12,24884.12,331770000
2018-03-05,24471.31,24961.00,24387.15,24874.76,24874.76,383910000
2018-03-02,24394.91,24592.46,24217.76,24538.06,24538.06,437130000
2018-03-01,25024.04,25185.35,24442.56,24608.98,24608.98,506280000
2018-02-28,25485.15,25576.15,25022.42,25029.20,25029.20,451870000
2018-02-27,25735.78,25800.35,25407.83,25410.03,25410.03,438390000
2018-02-26,25403.35,25732.80,25398.56,25709.27,25709.27,473360000
2018-02-23,25050.51,25313.91,25028.73,25309.99,25309.99,335420000
2018-02-22,24855.41,25156.72,24854.83,24962.48,24962.48,378900000
2018-02-21,24988.06,25267.99,24792.99,24797.78,24797.78,456070000
2018-02-20,25124.91,25179.01,24884.19,24964.75,24964.75,421510000
2018-02-16,25165.94,25432.42,25149.26,25219.38,25219.38,406730000
2018-02-15,25047.82,25203.95,24809.42,25200.37,25200.37,416780000
2018-02-14,24535.82,24925.95,24490.36,24893.49,24893.49,431160000
2018-02-13,24540.33,24705.72,24421.03,24640.45,24640.45,374410000
2018-02-12,24337.76,24765.16,24290.48,24601.27,24601.27,496610000
2018-02-09,23992.67,24382.14,23360.29,24190.90,24190.90,735030000
2018-02-08,24902.30,24903.68,23849.23,23860.46,23860.46,657500000
2018-02-07,24892.87,25293.96,24785.44,24893.35,24893.35,504620000
2018-02-06,24085.17,24946.23,23778.74,24912.77,24912.77,823940000
2018-02-05,25337.87,25520.53,23923.88,24345.75,24345.75,714450000
2018-02-02,26061.79,26061.79,25490.66,25520.96,25520.96,522880000
2018-02-01,26083.04,26306.70,26014.44,26186.71,26186.71,410620000
2018-01-31,26268.17,26338.03,26050.98,26149.39,26149.39,479130000
2018-01-30,26198.45,26256.99,26028.42,26076.89,26076.89,448330000
2018-01-29,26584.28,26608.90,26435.34,26439.48,26439.48,421000000
2018-01-26,26466.74,26616.71,26425.35,26616.71,26616.71,477780000
2018-01-25,26313.06,26458.25,26259.72,26392.79,26392.79,401390000
2018-01-24,26282.07,26392.80,26106.94,26252.12,26252.12,518790000
2018-01-23,26214.87,26246.19,26143.90,26210.81,26210.81,433490000
2018-01-22,26025.32,26215.23,25974.65,26214.60,26214.60,431200000
2018-01-19,25987.35,26071.72,25942.83,26071.72,26071.72,585000000
2018-01-18,26149.55,26153.42,25947.32,26017.81,26017.81,492780000
2018-01-17,25910.78,26130.45,25865.02,26115.65,26115.65,522720000
2018-01-16,25987.62,26086.12,25702.99,25792.86,25792.86,606520000
2018-01-12,25638.39,25810.43,25633.08,25803.19,25803.19,376390000
2018-01-11,25398.60,25575.42,25396.19,25574.73,25574.73,346830000
2018-01-10,25348.13,25404.92,25256.99,25369.13,25369.13,341470000
2018-01-09,25312.05,25439.78,25308.41,25385.80,25385.80,333490000
2018-01-08,25308.40,25311.99,25235.41,25283.00,25283.00,341390000
2018-01-05,25114.92,25299.79,25112.01,25295.87,25295.87,358020000
2018-01-04,24964.86,25105.96,24963.27,25075.13,25075.13,403280000
2018-01-03,24850.45,24941.92,24825.55,24922.68,24922.68,456790000
2018-01-02,24809.35,24864.19,24741.70,24824.01,24824.01,341130000
2017-12-29,24849.63,24871.66,24719.22,24719.22,24719.22,270760000
2017-12-28,24807.21,24839.23,24797.13,24837.51,24837.51,200960000
2017-12-27,24766.52,24789.52,24731.68,24774.30,24774.30,225890000
2017-12-26,24715.84,24778.13,24708.42,24746.21,24746.21,208290000
2017-12-22,24764.04,24784.15,24717.51,24754.06,24754.06,255140000
2017-12-21,24778.26,24850.91,24766.27,24782.29,24782.29,339530000
2017-12-20,24838.09,24852.44,24697.11,24726.65,24726.65,341790000
2017-12-19,24834.38,24850.11,24715.60,24754.75,24754.75,335330000
2017-12-18,24739.56,24876.07,24739.56,24792.20,24792.20,354880000
2017-12-15,24585.71,24688.62,24584.44,24651.74,24651.74,635740000
2017-12-14,24631.01,24672.48,24508.66,24508.66,24508.66,314780000
2017-12-13,24525.19,24666.02,24518.30,24585.43,24585.43,325280000
2017-12-12,24452.96,24552.97,24443.83,24504.80,24504.80,342220000
2017-12-11,24338.11,24389.72,24314.74,24386.03,24386.03,300580000
2017-12-08,24263.26,24330.12,24225.50,24329.16,24329.16,293590000
2017-12-07,24116.60,24262.88,24101.24,24211.48,24211.48,319060000
2017-12-06,24171.90,24229.35,24134.49,24140.91,24140.91,312720000
2017-12-05,24335.01,24349.74,24155.28,24180.64,24180.64,371190000
2017-12-04,24424.11,24534.04,24288.19,24290.05,24290.05,424250000
2017-12-01,24305.40,24322.06,23921.90,24231.59,24231.59,417910000
2017-11-30,24013.80,24327.82,24013.80,24272.35,24272.35,488200000
2017-11-29,23883.26,23959.76,23872.59,23940.68,23940.68,401410000
2017-11-28,23625.19,23849.61,23617.11,23836.71,23836.71,319240000
2017-11-27,23552.86,23638.92,23545.02,23580.78,23580.78,296320000
2017-11-24,23552.75,23599.18,23551.59,23557.99,23557.99,118610000
2017-11-22,23597.24,23605.77,23507.61,23526.18,23526.18,268760000
2017-11-21,23500.15,23617.80,23500.15,23590.83,23590.83,329650000
2017-11-20,23370.71,23456.88,23360.58,23430.33,23430.33,315330000
2017-11-17,23433.77,23433.77,23356.01,23358.24,23358.24,386000000
2017-11-16,23365.34,23492.19,23365.34,23458.36,23458.36,402020000
2017-11-15,23334.59,23344.99,23242.75,23271.28,23271.28,404300000
2017-11-14,23388.40,23414.08,23271.57,23409.47,23409.47,561330000
2017-11-13,23367.47,23461.68,23343.34,23439.70,23439.70,491260000
2017-11-10,23432.71,23452.20,23392.96,23422.21,23422.21,351280000
2017-11-09,23492.09,23516.74,23310.02,23461.94,23461.94,305440000
2017-11-08,23542.60,23575.00,23510.56,23563.36,23563.36,264670000
2017-11-07,23574.03,23602.12,23484.19,23557.23,23557.23,285080000
2017-11-06,23533.96,23574.86,23520.75,23548.42,23548.42,325190000
2017-11-03,23549.59,23557.06,23481.57,23539.19,23539.19,312250000
2017-11-02,23463.24,23531.38,23350.98,23516.26,23516.26,348040000
2017-11-01,23442.90,23517.71,23388.91,23435.01,23435.01,361260000
2017-10-31,23369.22,23406.35,23334.39,23377.24,23377.24,388050000
2017-10-30,23405.75,23428.75,23327.87,23348.74,23348.74,436900000
2017-10-27,23419.16,23449.40,23353.16,23434.19,23434.19,518870000
2017-10-26,23380.89,23459.84,23380.89,23400.86,23400.86,370600000
2017-10-25,23431.09,23451.51,23251.11,23329.46,23329.46,399560000
2017-10-24,23346.78,23485.25,23343.23,23441.76,23441.76,406850000
2017-10-23,23348.95,23368.37,23273.96,23273.96,23273.96,456830000
2017-10-20,23205.18,23328.84,23201.78,23328.63,23328.63,474380000
2017-10-19,23107.47,23167.24,23052.67,23163.04,23163.04,350400000
2017-10-18,23087.13,23172.93,23086.75,23157.60,23157.60,271870000
2017-10-17,22952.41,23002.20,22948.23,22997.44,22997.44,273090000
2017-10-16,22892.92,22960.12,22887.12,22956.96,22956.96,247180000
2017-10-13,22876.43,22905.33,22855.93,22871.72,22871.72,259560000
2017-10-12,22854.85,22884.82,22821.13,22841.01,22841.01,291790000
2017-10-11,22827.65,22872.89,22821.66,22872.89,22872.89,316000000
2017-10-10,22784.76,22850.51,22770.99,22830.68,22830.68,319270000
2017-10-09,22779.73,22803.37,22739.38,22761.07,22761.07,310770000
2017-10-06,22762.03,22773.67,22730.85,22773.67,22773.67,221450000
2017-10-05,22669.08,22777.04,22655.14,22775.39,22775.39,246400000
2017-10-04,22645.67,22685.94,22632.80,22661.64,22661.64,235730000
2017-10-03,22564.45,22646.32,22562.90,22641.67,22641.67,238830000
2017-10-02,22423.47,22559.38,22416.00,22557.60,22557.60,268530000
2017-09-29,22358.47,22405.63,22332.96,22405.09,22405.09,274790000
2017-09-28,22306.83,22394.74,22288.97,22381.20,22381.20,263010000
2017-09-27,22330.93,22371.10,22254.93,22340.71,22340.71,342900000
2017-09-26,22322.03,22369.35,22279.52,22284.32,22284.32,285990000
2017-09-25,22320.47,22359.88,22219.11,22296.09,22296.09,332430000
2017-09-22,22334.07,22364.31,22299.58,22349.59,22349.59,297140000
2017-09-21,22414.02,22419.51,22356.55,22359.23,22359.23,287390000
2017-09-20,22351.38,22413.26,22314.68,22412.59,22412.59,334560000
2017-09-19,22349.70,22386.01,22340.71,22370.80,22370.80,295570000
2017-09-18,22297.92,22355.62,22283.35,22331.35,22331.35,302740000
2017-09-15,22252.44,22275.02,22214.52,22268.34,22268.34,527540000
2017-09-14,22144.96,22216.44,22135.26,22203.48,22203.48,297780000
2017-09-13,22103.47,22158.18,22095.79,22158.18,22158.18,291890000
2017-09-12,22090.56,22134.57,22087.09,22118.86,22118.86,364580000
2017-09-11,21927.79,22067.10,21927.79,22057.37,22057.37,312770000
2017-09-08,21764.43,21846.63,21731.12,21797.79,21797.79,289400000
2017-09-07,21820.38,21850.01,21745.71,21784.78,21784.78,333810000
2017-09-06,21815.76,21849.24,21794.07,21807.64,21807.64,318760000
2017-09-05,21912.37,21921.09,21709.63,21753.31,21753.31,332840000
2017-09-01,21981.77,22038.97,21974.91,21987.56,21987.56,256240000
2017-08-31,21936.01,21985.76,21910.50,21948.10,21948.10,376790000
2017-08-30,21859.76,21914.26,21839.47,21892.43,21892.43,242840000
2017-08-29,21718.00,21879.22,21673.58,21865.37,21865.37,227340000
2017-08-28,21832.50,21861.49,21767.94,21808.40,21808.40,218740000
2017-08-25,21819.08,21906.86,21812.81,21813.67,21813.67,217570000
2017-08-24,21839.90,21870.11,21765.82,21783.40,21783.40,228480000
2017-08-23,21850.27,21866.66,21808.39,21812.09,21812.09,234810000
2017-08-22,21739.78,21912.83,21738.13,21899.89,21899.89,244980000
2017-08-21,21671.36,21718.74,21600.34,21703.75,21703.75,277880000
2017-08-18,21724.88,21793.35,21641.63,21674.51,21674.51,309070000
2017-08-17,21984.74,21984.74,21750.32,21750.73,21750.73,311030000
2017-08-16,22031.93,22085.71,22002.47,22024.87,22024.87,264920000
2017-08-15,22029.91,22038.92,21971.48,21998.99,21998.99,269070000
2017-08-14,21945.64,22019.23,21945.64,21993.71,21993.71,235030000
2017-08-11,21883.32,21911.09,21842.74,21858.32,21858.32,237790000
2017-08-10,21988.20,21988.20,21843.94,21844.01,21844.01,303310000
2017-08-09,22022.34,22057.19,21996.69,22048.70,22048.70,277800000
2017-08-08,22095.14,22179.11,22057.29,22085.34,22085.34,262000000
2017-08-07,22100.20,22121.15,22081.97,22118.42,22118.42,213010000
2017-08-04,22058.39,22092.81,22024.64,22092.81,22092.81,253640000
2017-08-03,22007.58,22044.85,21991.32,22026.10,22026.10,278730000
2017-08-02,22004.36,22036.10,21967.46,22016.24,22016.24,336820000
2017-08-01,21961.42,21990.96,21940.81,21963.92,21963.92,328410000
2017-07-31,21863.39,21929.80,21861.71,21891.12,21891.12,307610000
2017-07-28,21787.51,21841.18,21756.12,21830.31,21830.31,285630000
2017-07-27,21717.42,21798.47,21687.85,21796.55,21796.55,407320000
2017-07-26,21690.38,21742.70,21683.29,21711.01,21711.01,278240000
2017-07-25,21638.56,21670.62,21577.37,21613.43,21613.43,304300000
2017-07-24,21577.78,21577.78,21496.13,21513.17,21513.17,284080000
2017-07-21,21591.72,21592.61,21503.78,21580.07,21580.07,362830000
2017-07-20,21641.54,21661.91,21576.96,21611.78,21611.78,313950000
2017-07-19,21569.25,21640.75,21565.84,21640.75,21640.75,253040000
2017-07-18,21589.94,21589.94,21471.14,21574.73,21574.73,251110000
2017-07-17,21633.97,21661.81,21617.66,21629.72,21629.72,244780000
2017-07-14,21532.77,21681.53,21521.72,21637.74,21637.74,235590000
2017-07-13,21537.19,21568.72,21512.36,21553.09,21553.09,232270000
2017-07-12,21467.93,21580.79,21467.93,21532.14,21532.14,267870000
2017-07-11,21410.17,21441.62,21279.30,21409.07,21409.07,247570000
2017-07-10,21381.23,21446.39,21371.11,21408.52,21408.52,270340000
2017-07-07,21354.66,21425.82,21350.72,21414.34,21414.34,242240000
2017-07-06,21423.93,21433.10,21305.38,21320.04,21320.04,320450000
2017-07-05,21492.83,21505.36,21404.76,21478.17,21478.17,273690000
2017-07-03,21392.30,21562.75,21391.71,21479.27,21479.27,186810000
2017-06-30,21348.60,21426.12,21325.08,21349.63,21349.63,313260000
2017-06-29,21487.38,21487.38,21197.08,21287.03,21287.03,336750000
2017-06-28,21372.36,21478.75,21372.36,21454.61,21454.61,271510000
2017-06-27,21411.19,21440.60,21310.66,21310.66,21310.66,292170000
2017-06-26,21434.68,21506.21,21381.25,21409.55,21409.55,241880000
2017-06-23,21380.92,21421.79,21333.89,21394.76,21394.76,368400000
2017-06-22,21407.98,21456.47,21394.81,21397.29,21397.29,270680000
2017-06-21,21466.39,21492.62,21390.00,21410.03,21410.03,292500000
2017-06-20,21521.25,21535.03,21464.24,21467.14,21467.14,310200000
2017-06-19,21444.75,21528.99,21436.08,21528.99,21528.99,289400000
2017-06-16,21335.93,21384.42,21308.01,21384.28,21384.28,603260000
2017-06-15,21291.69,21367.28,21261.87,21359.90,21359.90,317200000
2017-06-14,21342.71,21391.97,21294.09,21374.56,21374.56,295090000
2017-06-13,21256.83,21332.77,21256.83,21328.47,21328.47,323510000
2017-06-12,21259.95,21277.08,21186.15,21235.67,21235.67,528080000
2017-06-09,21208.96,21305.35,21159.45,21271.97,21271.97,397200000
2017-06-08,21169.76,21265.69,21138.16,21182.53,21182.53,330330000
2017-06-07,21171.57,21189.84,21113.31,21173.69,21173.69,273400000
2017-06-06,21145.48,21180.47,21118.46,21136.23,21136.23,283550000
2017-06-05,21195.03,21224.41,21168.69,21184.04,21184.04,269790000
2017-06-02,21142.09,21225.04,21129.56,21206.29,21206.29,329700000
2017-06-01,21030.55,21144.18,20994.22,21144.18,21144.18,276730000
2017-05-31,21048.46,21051.70,20942.57,21008.65,21008.65,371580000
2017-05-30,21045.49,21063.62,21009.60,21029.47,21029.47,242810000
2017-05-26,21070.15,21092.82,21050.49,21080.28,21080.28,208000000
2017-05-25,21062.96,21112.32,21051.41,21082.95,21082.95,268970000
2017-05-24,20949.21,21022.82,20933.58,21012.42,21012.42,283180000
2017-05-23,20908.67,20961.14,20896.22,20937.91,20937.91,244950000
2017-05-22,20867.77,20914.26,20860.16,20894.83,20894.83,276120000
2017-05-19,20698.28,20857.13,20687.94,20804.84,20804.84,365180000
2017-05-18,20579.65,20759.20,20553.45,20663.02,20663.02,422590000
2017-05-17,20846.17,20846.17,20601.08,20606.93,20606.93,423200000
2017-05-16,20984.48,21033.53,20932.88,20979.75,20979.75,311580000
2017-05-15,20923.63,21000.83,20923.63,20981.94,20981.94,313170000
2017-05-12,20893.19,20916.10,20869.74,20896.61,20896.61,288500000
2017-05-11,20925.72,20933.36,20798.90,20919.42,20919.42,287680000
2017-05-10,20958.49,20976.28,20884.15,20943.11,20943.11,283340000
2017-05-09,21022.28,21046.85,20938.04,20975.78,20975.78,273000000
2017-05-08,20991.26,21017.89,20971.05,21012.28,21012.28,276150000
2017-05-05,20929.04,21006.94,20905.00,21006.94,21006.94,260960000
2017-05-04,20987.83,20990.79,20847.95,20951.47,20951.47,274720000
2017-05-03,20915.00,20972.74,20874.18,20957.90,20957.90,310920000
2017-05-02,20941.19,20960.92,20904.06,20949.89,20949.89,338810000
2017-05-01,20962.73,20976.62,20898.38,20913.46,20913.46,288160000
2017-04-28,20987.39,20987.76,20926.75,20940.51,20940.51,329990000
2017-04-27,20991.12,21005.80,20935.80,20981.33,20981.33,305690000
2017-04-26,21009.95,21070.90,20972.27,20975.09,20975.09,328550000
2017-04-25,20915.51,21026.97,20909.38,20996.12,20996.12,348180000
2017-04-24,20723.59,20792.20,20723.59,20763.89,20763.89,342400000
2017-04-21,20578.10,20601.40,20505.33,20547.76,20547.76,369600000
2017-04-20,20406.68,20629.78,20406.68,20578.71,20578.71,312440000
2017-04-19,20503.52,20546.69,20379.55,20404.49,20404.49,294790000
2017-04-18,20561.39,20600.12,20462.28,20523.28,20523.28,263180000
2017-04-17,20484.75,20644.41,20484.75,20636.92,20636.92,229240000
2017-04-13,20561.69,20612.27,20453.25,20453.25,20453.25,235810000
2017-04-12,20637.95,20642.54,20553.03,20591.86,20591.86,267670000
2017-04-11,20644.32,20660.03,20512.56,20651.30,20651.30,255120000
2017-04-10,20668.22,20750.33,20614.86,20658.02,20658.02,230480000
2017-04-07,20647.81,20726.07,20606.95,20656.10,20656.10,219730000
2017-04-06,20653.77,20746.46,20612.17,20662.95,20662.95,251720000
2017-04-05,20745.06,20887.50,20639.55,20648.15,20648.15,284980000
2017-04-04,20634.94,20701.29,20605.30,20689.24,20689.24,237390000
2017-04-03,20665.17,20692.34,20517.82,20650.21,20650.21,285670000
2017-03-31,20700.34,20722.59,20660.68,20663.22,20663.22,303770000
2017-03-30,20662.79,20753.78,20643.60,20728.49,20728.49,270900000
2017-03-29,20675.75,20684.73,20625.03,20659.32,20659.32,238320000
2017-03-28,20542.14,20735.61,20520.10,20701.50,20701.50,299670000
2017-03-27,20488.35,20578.46,20412.80,20550.98,20550.98,269380000
2017-03-24,20674.45,20718.33,20529.67,20596.72,20596.72,292980000
2017-03-23,20645.07,20757.89,20618.62,20656.58,20656.58,280050000
2017-03-22,20640.42,20686.21,20578.95,20661.30,20661.30,325090000
2017-03-21,20956.33,20970.04,20653.26,20668.01,20668.01,369320000
2017-03-20,20916.27,20955.45,20885.70,20905.86,20905.86,253610000
2017-03-17,20965.37,20980.51,20911.07,20914.62,20914.62,535280000
2017-03-16,20969.27,21000.11,20893.50,20934.55,20934.55,264360000
2017-03-15,20874.78,20977.47,20859.60,20950.10,20950.10,306590000
2017-03-14,20848.60,20874.00,20786.31,20837.37,20837.37,246820000
2017-03-13,20899.28,20926.06,20845.71,20881.48,20881.48,289260000
2017-03-10,20919.01,20940.29,20827.66,20902.98,20902.98,315430000
2017-03-09,20864.32,20900.57,20777.16,20858.19,20858.19,275960000
2017-03-08,20940.44,20951.44,20835.58,20855.73,20855.73,296780000
2017-03-07,20934.89,20970.54,20901.26,20924.76,20924.76,274630000
2017-03-06,20955.71,20986.43,20912.11,20954.34,20954.34,266620000
2017-03-03,21008.75,21039.96,20953.86,21005.71,21005.71,254420000
2017-03-02,21128.91,21129.20,20996.61,21002.97,21002.97,319910000
2017-03-01,20957.29,21169.11,20957.29,21115.55,21115.55,392820000
2017-02-28,20833.88,20841.24,20781.21,20812.24,20812.24,339210000
2017-02-27,20808.71,20851.33,20774.76,20837.44,20837.44,256540000
2017-02-24,20751.91,20821.76,20733.95,20821.76,20821.76,292540000
2017-02-23,20817.21,20840.70,20746.41,20810.32,20810.32,302110000
2017-02-22,20715.41,20781.59,20692.39,20775.60,20775.60,310530000
2017-02-21,20663.43,20757.64,20663.37,20743.00,20743.00,336880000
2017-02-17,20564.13,20624.05,20532.61,20624.05,20624.05,340620000
2017-02-16,20627.31,20639.87,20556.83,20619.77,20619.77,354120000
2017-02-15,20504.27,20620.45,20496.03,20611.86,20611.86,384380000
2017-02-14,20374.22,20504.41,20374.02,20504.41,20504.41,356580000
2017-02-13,20338.54,20441.48,20322.95,20412.16,20412.16,314620000
2017-02-10,20211.23,20298.21,20204.76,20269.37,20269.37,312230000
2017-02-09,20061.73,20206.36,20061.73,20172.40,20172.40,325310000
2017-02-08,20049.29,20068.28,20015.33,20054.34,20054.34,280410000
2017-02-07,20107.62,20155.35,20068.68,20090.29,20090.29,279670000
2017-02-06,20025.61,20094.95,20002.81,20052.42,20052.42,281720000
2017-02-03,19964.21,20081.48,19964.21,20071.46,20071.46,344220000
2017-02-02,19858.34,19922.75,19831.09,19884.91,19884.91,347220000
2017-02-01,19923.81,19967.73,19845.99,19890.94,19890.94,426670000
2017-01-31,19913.16,19918.17,19784.77,19864.09,19864.09,373750000
2017-01-30,20028.62,20028.62,19870.39,19971.13,19971.13,317280000
2017-01-27,20103.36,20115.97,20072.64,20093.78,20093.78,343130000
2017-01-26,20076.25,20125.58,20067.53,20100.91,20100.91,356730000
2017-01-25,19994.48,20082.00,19994.48,20068.51,20068.51,372240000
2017-01-24,19794.68,19949.24,19786.71,19912.71,19912.71,374460000
2017-01-23,19794.79,19833.98,19732.36,19799.85,19799.85,326690000
2017-01-20,19795.06,19843.94,19759.14,19827.25,19827.25,435260000
