Date,Open,High,Low,Close*,Adj Close**,Volume
17-Jan-20,"3,323.66","3,329.88","3,318.86","3,329.62","3,329.62","3,698,170,000"
16-Jan-20,"3,302.97","3,317.11","3,302.82","3,316.81","3,316.81","3,535,080,000"
15-Jan-20,"3,282.27","3,298.66","3,280.69","3,289.29","3,289.29","3,716,840,000"
14-Jan-20,"3,285.35","3,294.25","3,277.19","3,283.15","3,283.15","3,665,130,000"
13-Jan-20,"3,271.13","3,288.13","3,268.43","3,288.13","3,288.13","3,456,380,000"
10-Jan-20,"3,281.81","3,282.99","3,260.86","3,265.35","3,265.35","3,212,970,000"
9-Jan-20,"3,266.03","3,275.58","3,263.67","3,274.70","3,274.70","3,638,390,000"
8-Jan-20,"3,238.59","3,267.07","3,236.67","3,253.05","3,253.05","3,720,890,000"
7-Jan-20,"3,241.86","3,244.91","3,232.43","3,237.18","3,237.18","3,420,380,000"
6-Jan-20,"3,217.55","3,246.84","3,214.64","3,246.28","3,246.28","3,674,070,000"
3-Jan-20,"3,226.36","3,246.15","3,222.34","3,234.85","3,234.85","3,461,290,000"
2-Jan-20,"3,244.67","3,258.14","3,235.53","3,257.85","3,257.85","3,458,250,000"
31-Dec-19,"3,215.18","3,231.72","3,212.03","3,230.78","3,230.78","2,893,810,000"
30-Dec-19,"3,240.09","3,240.92","3,216.57","3,221.29","3,221.29","3,013,290,000"
27-Dec-19,"3,247.23","3,247.93","3,234.37","3,240.02","3,240.02","2,428,670,000"
26-Dec-19,"3,227.20","3,240.08","3,227.20","3,239.91","3,239.91","2,160,680,000"
24-Dec-19,"3,225.45","3,226.43","3,220.51","3,223.38","3,223.38","1,296,540,000"
23-Dec-19,"3,226.05","3,227.78","3,222.30","3,224.01","3,224.01","3,060,610,000"
20-Dec-19,"3,223.33","3,225.65","3,216.03","3,221.22","3,221.22","6,454,270,000"
19-Dec-19,"3,192.32","3,205.48","3,192.32","3,205.37","3,205.37","3,720,450,000"
18-Dec-19,"3,195.21","3,198.48","3,191.14","3,191.14","3,191.14","4,014,080,000"
17-Dec-19,"3,195.40","3,198.22","3,191.03","3,192.52","3,192.52","3,837,540,000"
16-Dec-19,"3,183.63","3,197.71","3,183.63","3,191.45","3,191.45","4,051,790,000"
13-Dec-19,"3,166.65","3,182.68","3,156.51","3,168.80","3,168.80","3,736,870,000"
12-Dec-19,"3,141.23","3,176.28","3,138.47","3,168.57","3,168.57","3,990,690,000"
11-Dec-19,"3,135.75","3,143.98","3,133.21","3,141.63","3,141.63","3,252,540,000"
10-Dec-19,"3,135.36","3,142.12","3,126.09","3,132.52","3,132.52","3,343,790,000"
9-Dec-19,"3,141.86","3,148.87","3,135.46","3,135.96","3,135.96","3,345,990,000"
6-Dec-19,"3,134.62","3,150.60","3,134.62","3,145.91","3,145.91","3,479,480,000"
5-Dec-19,"3,119.21","3,119.45","3,103.76","3,117.43","3,117.43","3,355,750,000"
4-Dec-19,"3,103.50","3,119.38","3,102.53","3,112.76","3,112.76","3,695,030,000"
3-Dec-19,"3,087.41","3,094.97","3,070.33","3,093.20","3,093.20","3,653,390,000"
2-Dec-19,"3,143.85","3,144.31","3,110.78","3,113.87","3,113.87","3,268,740,000"
29-Nov-19,"3,147.18","3,150.30","3,139.34","3,140.98","3,140.98","1,743,020,000"
27-Nov-19,"3,145.49","3,154.26","3,143.41","3,153.63","3,153.63","3,033,090,000"
26-Nov-19,"3,134.85","3,142.69","3,131.00","3,140.52","3,140.52","4,595,590,000"
25-Nov-19,"3,117.44","3,133.83","3,117.44","3,133.64","3,133.64","3,511,530,000"
22-Nov-19,"3,111.41","3,112.87","3,099.26","3,110.29","3,110.29","3,226,780,000"
21-Nov-19,"3,108.49","3,110.11","3,094.55","3,103.54","3,103.54","3,720,560,000"
20-Nov-19,"3,114.66","3,118.97","3,091.41","3,108.46","3,108.46","4,034,890,000"
19-Nov-19,"3,127.45","3,127.64","3,113.47","3,120.18","3,120.18","3,590,070,000"
18-Nov-19,"3,117.91","3,124.17","3,112.06","3,122.03","3,122.03","3,436,690,000"
15-Nov-19,"3,107.92","3,120.46","3,104.60","3,120.46","3,120.46","3,335,650,000"
14-Nov-19,"3,090.75","3,098.20","3,083.26","3,096.63","3,096.63","3,276,070,000"
13-Nov-19,"3,084.18","3,098.06","3,078.80","3,094.04","3,094.04","3,509,280,000"
12-Nov-19,"3,089.28","3,102.61","3,084.73","3,091.84","3,091.84","3,466,010,000"
11-Nov-19,"3,080.33","3,088.33","3,075.82","3,087.01","3,087.01","3,035,530,000"
8-Nov-19,"3,081.25","3,093.09","3,073.58","3,093.08","3,093.08","3,499,150,000"
7-Nov-19,"3,087.02","3,097.77","3,080.23","3,085.18","3,085.18","4,144,640,000"
6-Nov-19,"3,075.10","3,078.34","3,065.89","3,076.78","3,076.78","4,458,190,000"
5-Nov-19,"3,080.80","3,083.95","3,072.15","3,074.62","3,074.62","4,486,130,000"
4-Nov-19,"3,078.96","3,085.20","3,074.87","3,078.27","3,078.27","4,146,850,000"
1-Nov-19,"3,050.72","3,066.95","3,050.72","3,066.91","3,066.91","3,930,200,000"
31-Oct-19,"3,046.90","3,046.90","3,023.19","3,037.56","3,037.56","4,139,280,000"
30-Oct-19,"3,039.74","3,050.10","3,025.96","3,046.77","3,046.77","3,776,030,000"
29-Oct-19,"3,035.39","3,047.87","3,034.81","3,036.89","3,036.89","3,589,930,000"
28-Oct-19,"3,032.12","3,044.08","3,032.12","3,039.42","3,039.42","3,521,230,000"
25-Oct-19,"3,003.32","3,027.39","3,001.94","3,022.55","3,022.55","3,370,370,000"
24-Oct-19,"3,014.78","3,016.07","3,000.42","3,010.29","3,010.29","3,692,600,000"
23-Oct-19,"2,994.01","3,004.78","2,991.21","3,004.52","3,004.52","3,392,870,000"
22-Oct-19,"3,010.73","3,014.57","2,995.04","2,995.99","2,995.99","3,523,890,000"
21-Oct-19,"2,996.48","3,007.33","2,995.35","3,006.72","3,006.72","3,271,620,000"
18-Oct-19,"2,996.84","3,000.00","2,976.31","2,986.20","2,986.20","3,264,290,000"
17-Oct-19,"3,000.77","3,008.29","2,991.79","2,997.95","2,997.95","3,115,960,000"
16-Oct-19,"2,989.68","2,997.54","2,985.20","2,989.69","2,989.69","3,222,570,000"
15-Oct-19,"2,973.61","3,003.28","2,973.61","2,995.68","2,995.68","3,340,740,000"
14-Oct-19,"2,965.81","2,972.84","2,962.94","2,966.15","2,966.15","2,557,020,000"
11-Oct-19,"2,963.07","2,993.28","2,963.07","2,970.27","2,970.27","3,580,460,000"
10-Oct-19,"2,918.55","2,948.46","2,917.12","2,938.13","2,938.13","3,217,250,000"
9-Oct-19,"2,911.10","2,929.32","2,907.41","2,919.40","2,919.40","2,726,820,000"
8-Oct-19,"2,920.40","2,925.47","2,892.66","2,893.06","2,893.06","3,356,450,000"
7-Oct-19,"2,944.23","2,959.75","2,935.68","2,938.79","2,938.79","2,940,140,000"
4-Oct-19,"2,918.56","2,953.74","2,918.56","2,952.01","2,952.01","2,990,830,000"
3-Oct-19,"2,885.38","2,911.13","2,855.94","2,910.63","2,910.63","3,503,640,000"
2-Oct-19,"2,924.78","2,924.78","2,874.93","2,887.61","2,887.61","3,912,520,000"
1-Oct-19,"2,983.69","2,992.53","2,938.70","2,940.25","2,940.25","3,558,040,000"
30-Sep-19,"2,967.07","2,983.85","2,967.07","2,976.74","2,976.74","3,247,610,000"
27-Sep-19,"2,985.47","2,987.31","2,945.53","2,961.79","2,961.79","3,243,650,000"
26-Sep-19,"2,985.73","2,987.28","2,963.71","2,977.62","2,977.62","3,077,240,000"
25-Sep-19,"2,968.35","2,989.82","2,952.86","2,984.87","2,984.87","3,318,870,000"
24-Sep-19,"3,002.43","3,007.98","2,957.73","2,966.60","2,966.60","3,868,160,000"
23-Sep-19,"2,983.50","2,999.15","2,982.23","2,991.78","2,991.78","3,186,590,000"
20-Sep-19,"3,008.42","3,016.37","2,984.68","2,992.07","2,992.07","6,094,740,000"
19-Sep-19,"3,010.36","3,021.99","3,003.16","3,006.79","3,006.79","3,251,290,000"
18-Sep-19,"3,001.50","3,007.83","2,978.57","3,006.73","3,006.73","3,435,540,000"
17-Sep-19,"2,995.67","3,006.21","2,993.73","3,005.70","3,005.70","3,671,840,000"
16-Sep-19,"2,996.41","3,002.19","2,990.67","2,997.96","2,997.96","4,274,640,000"
13-Sep-19,"3,012.21","3,017.33","3,002.90","3,007.39","3,007.39","3,520,060,000"
12-Sep-19,"3,009.08","3,020.74","3,000.92","3,009.57","3,009.57","3,791,860,000"
11-Sep-19,"2,981.41","3,000.93","2,975.31","3,000.93","3,000.93","3,927,550,000"
10-Sep-19,"2,971.01","2,979.39","2,957.01","2,979.39","2,979.39","4,390,770,000"
9-Sep-19,"2,988.43","2,989.43","2,969.39","2,978.43","2,978.43","4,002,890,000"
6-Sep-19,"2,980.33","2,985.03","2,972.51","2,978.71","2,978.71","3,208,280,000"
5-Sep-19,"2,960.60","2,985.86","2,960.60","2,976.00","2,976.00","3,890,700,000"
4-Sep-19,"2,924.67","2,938.84","2,921.86","2,937.78","2,937.78","3,163,260,000"
3-Sep-19,"2,909.01","2,914.39","2,891.85","2,906.27","2,906.27","3,426,790,000"
30-Aug-19,"2,937.09","2,940.43","2,913.32","2,926.46","2,926.46","3,008,450,000"
29-Aug-19,"2,910.37","2,930.50","2,905.67","2,924.58","2,924.58","3,176,190,000"
28-Aug-19,"2,861.28","2,890.03","2,853.05","2,887.94","2,887.94","3,097,420,000"
27-Aug-19,"2,893.14","2,898.79","2,860.59","2,869.16","2,869.16","3,533,630,000"
26-Aug-19,"2,866.70","2,879.27","2,856.00","2,878.38","2,878.38","2,857,600,000"
23-Aug-19,"2,911.07","2,927.01","2,834.97","2,847.11","2,847.11","3,937,300,000"
22-Aug-19,"2,930.94","2,939.08","2,904.51","2,922.95","2,922.95","2,890,880,000"
21-Aug-19,"2,922.04","2,928.73","2,917.91","2,924.43","2,924.43","3,011,190,000"
20-Aug-19,"2,919.01","2,923.63","2,899.60","2,900.51","2,900.51","3,066,300,000"
19-Aug-19,"2,913.48","2,931.00","2,913.48","2,923.65","2,923.65","3,212,880,000"
16-Aug-19,"2,864.74","2,893.63","2,864.74","2,888.68","2,888.68","3,498,150,000"
15-Aug-19,"2,846.20","2,856.67","2,825.51","2,847.60","2,847.60","4,038,000,000"
14-Aug-19,"2,894.15","2,894.15","2,839.64","2,840.60","2,840.60","4,312,530,000"
13-Aug-19,"2,880.72","2,943.31","2,877.05","2,926.32","2,926.32","3,853,600,000"
12-Aug-19,"2,907.07","2,907.58","2,873.14","2,882.70","2,882.70","2,851,630,000"
9-Aug-19,"2,930.51","2,935.75","2,900.15","2,918.65","2,918.65","3,350,640,000"
8-Aug-19,"2,896.21","2,938.72","2,894.47","2,938.09","2,938.09","4,106,370,000"
7-Aug-19,"2,858.65","2,892.17","2,825.71","2,883.98","2,883.98","4,491,750,000"
6-Aug-19,"2,861.18","2,884.40","2,847.42","2,881.77","2,881.77","4,154,240,000"
5-Aug-19,"2,898.07","2,898.07","2,822.12","2,844.74","2,844.74","4,513,730,000"
2-Aug-19,"2,943.90","2,945.50","2,914.11","2,932.05","2,932.05","3,874,660,000"
1-Aug-19,"2,980.32","3,013.59","2,945.23","2,953.56","2,953.56","4,762,300,000"
31-Jul-19,"3,016.22","3,017.40","2,958.08","2,980.38","2,980.38","4,623,430,000"
30-Jul-19,"3,007.66","3,017.19","3,000.94","3,013.18","3,013.18","3,634,330,000"
29-Jul-19,"3,024.47","3,025.61","3,014.30","3,020.97","3,020.97","3,203,710,000"
26-Jul-19,"3,013.25","3,027.98","3,012.59","3,025.86","3,025.86","3,257,590,000"
25-Jul-19,"3,016.26","3,016.31","2,997.24","3,003.67","3,003.67","3,645,270,000"
24-Jul-19,"2,998.77","3,019.59","2,996.82","3,019.56","3,019.56","3,428,980,000"
23-Jul-19,"2,994.74","3,005.90","2,988.56","3,005.47","3,005.47","3,313,660,000"
22-Jul-19,"2,981.93","2,990.71","2,976.65","2,985.03","2,985.03","3,003,720,000"
19-Jul-19,"3,004.26","3,006.02","2,975.86","2,976.61","2,976.61","3,260,360,000"
18-Jul-19,"2,978.87","2,998.28","2,973.09","2,995.11","2,995.11","3,296,580,000"
17-Jul-19,"3,005.10","3,005.26","2,984.25","2,984.42","2,984.42","3,181,600,000"
16-Jul-19,"3,012.13","3,015.02","3,001.15","3,004.04","3,004.04","3,290,650,000"
15-Jul-19,"3,017.80","3,017.80","3,008.77","3,014.30","3,014.30","2,874,970,000"
12-Jul-19,"3,003.36","3,013.92","3,001.87","3,013.77","3,013.77","2,974,960,000"
11-Jul-19,"2,999.62","3,002.33","2,988.80","2,999.91","2,999.91","3,154,620,000"
10-Jul-19,"2,989.30","3,002.98","2,984.62","2,993.07","2,993.07","3,154,240,000"
9-Jul-19,"2,965.52","2,981.90","2,963.44","2,979.63","2,979.63","3,028,210,000"
8-Jul-19,"2,979.77","2,980.76","2,970.09","2,975.95","2,975.95","2,904,550,000"
5-Jul-19,"2,984.25","2,994.03","2,967.97","2,990.41","2,990.41","2,434,210,000"
3-Jul-19,"2,978.08","2,995.84","2,977.96","2,995.82","2,995.82","1,963,720,000"
2-Jul-19,"2,964.66","2,973.21","2,955.92","2,973.01","2,973.01","3,206,840,000"
1-Jul-19,"2,971.41","2,977.93","2,952.22","2,964.33","2,964.33","3,513,270,000"
28-Jun-19,"2,932.94","2,943.98","2,929.05","2,941.76","2,941.76","5,420,700,000"
27-Jun-19,"2,919.66","2,929.30","2,918.57","2,924.92","2,924.92","3,122,920,000"
26-Jun-19,"2,926.07","2,932.59","2,912.99","2,913.78","2,913.78","3,478,130,000"
25-Jun-19,"2,945.78","2,946.52","2,916.01","2,917.38","2,917.38","3,578,050,000"
24-Jun-19,"2,951.42","2,954.92","2,944.05","2,945.35","2,945.35","3,136,250,000"
21-Jun-19,"2,952.71","2,964.15","2,946.87","2,950.46","2,950.46","5,000,120,000"
20-Jun-19,"2,949.60","2,958.06","2,931.50","2,954.18","2,954.18","3,905,940,000"
19-Jun-19,"2,920.55","2,931.74","2,911.43","2,926.46","2,926.46","3,287,890,000"
18-Jun-19,"2,906.71","2,930.79","2,905.44","2,917.75","2,917.75","3,437,620,000"
17-Jun-19,"2,889.75","2,897.27","2,887.30","2,889.67","2,889.67","2,810,140,000"
14-Jun-19,"2,886.82","2,894.45","2,879.62","2,886.98","2,886.98","2,922,330,000"
13-Jun-19,"2,886.24","2,895.24","2,881.99","2,891.64","2,891.64","3,069,810,000"
12-Jun-19,"2,882.73","2,888.57","2,874.68","2,879.84","2,879.84","3,034,130,000"
11-Jun-19,"2,903.27","2,910.61","2,878.53","2,885.72","2,885.72","3,548,420,000"
10-Jun-19,"2,885.83","2,904.77","2,885.51","2,886.73","2,886.73","3,209,210,000"
7-Jun-19,"2,852.87","2,884.97","2,852.87","2,873.34","2,873.34","3,220,250,000"
6-Jun-19,"2,828.51","2,852.10","2,822.45","2,843.49","2,843.49","3,396,410,000"
5-Jun-19,"2,818.09","2,827.28","2,800.92","2,826.15","2,826.15","3,548,830,000"
4-Jun-19,"2,762.64","2,804.49","2,762.64","2,803.27","2,803.27","3,810,430,000"
3-Jun-19,"2,751.53","2,763.07","2,728.81","2,744.45","2,744.45","3,966,700,000"
31-May-19,"2,766.15","2,768.98","2,750.52","2,752.06","2,752.06","3,981,020,000"
30-May-19,"2,786.94","2,799.00","2,776.74","2,788.86","2,788.86","3,273,790,000"
29-May-19,"2,790.25","2,792.03","2,766.06","2,783.02","2,783.02","3,700,050,000"
28-May-19,"2,830.03","2,840.51","2,801.58","2,802.39","2,802.39","4,121,410,000"
24-May-19,"2,832.41","2,841.36","2,820.19","2,826.06","2,826.06","2,887,390,000"
23-May-19,"2,836.70","2,836.70","2,805.49","2,822.24","2,822.24","3,891,980,000"
22-May-19,"2,856.06","2,865.47","2,851.11","2,856.27","2,856.27","3,192,510,000"
21-May-19,"2,854.02","2,868.88","2,854.02","2,864.36","2,864.36","3,218,700,000"
20-May-19,"2,841.94","2,853.86","2,831.29","2,840.23","2,840.23","3,288,870,000"
17-May-19,"2,858.60","2,885.48","2,854.23","2,859.53","2,859.53","3,257,950,000"
16-May-19,"2,855.80","2,892.15","2,855.80","2,876.32","2,876.32","3,338,060,000"
15-May-19,"2,820.38","2,858.68","2,815.08","2,850.96","2,850.96","3,125,950,000"
14-May-19,"2,820.12","2,852.54","2,820.12","2,834.41","2,834.41","3,322,720,000"
13-May-19,"2,840.19","2,840.19","2,801.43","2,811.87","2,811.87","3,894,030,000"
10-May-19,"2,863.10","2,891.31","2,825.39","2,881.40","2,881.40","3,529,600,000"
9-May-19,"2,859.84","2,875.97","2,836.40","2,870.72","2,870.72","3,638,820,000"
8-May-19,"2,879.61","2,897.96","2,873.28","2,879.42","2,879.42","3,485,790,000"
7-May-19,"2,913.03","2,913.03","2,862.60","2,884.05","2,884.05","3,767,100,000"
6-May-19,"2,908.89","2,937.32","2,898.21","2,932.47","2,932.47","3,181,520,000"
3-May-19,"2,929.21","2,947.85","2,929.21","2,945.64","2,945.64","3,338,120,000"
2-May-19,"2,922.16","2,931.68","2,900.50","2,917.52","2,917.52","3,778,890,000"
1-May-19,"2,952.33","2,954.13","2,923.36","2,923.73","2,923.73","3,645,850,000"
30-Apr-19,"2,937.14","2,948.22","2,924.11","2,945.83","2,945.83","3,919,330,000"
29-Apr-19,"2,940.58","2,949.52","2,939.35","2,943.03","2,943.03","3,118,780,000"
26-Apr-19,"2,925.81","2,939.88","2,917.56","2,939.88","2,939.88","3,248,500,000"
25-Apr-19,"2,928.99","2,933.10","2,912.84","2,926.17","2,926.17","3,425,280,000"
24-Apr-19,"2,934.00","2,936.83","2,926.05","2,927.25","2,927.25","3,448,960,000"
23-Apr-19,"2,909.99","2,936.31","2,908.53","2,933.68","2,933.68","3,635,030,000"
22-Apr-19,"2,898.78","2,909.51","2,896.35","2,907.97","2,907.97","2,997,950,000"
18-Apr-19,"2,904.81","2,908.40","2,891.90","2,905.03","2,905.03","3,506,850,000"
17-Apr-19,"2,916.04","2,918.00","2,895.45","2,900.45","2,900.45","3,602,300,000"
16-Apr-19,"2,912.26","2,916.06","2,900.71","2,907.06","2,907.06","3,402,210,000"
15-Apr-19,"2,908.32","2,909.60","2,896.48","2,905.58","2,905.58","3,088,330,000"
12-Apr-19,"2,900.86","2,910.54","2,898.37","2,907.41","2,907.41","3,688,490,000"
11-Apr-19,"2,891.92","2,893.42","2,881.99","2,888.32","2,888.32","2,938,540,000"
10-Apr-19,"2,881.37","2,889.71","2,879.13","2,888.21","2,888.21","3,062,380,000"
9-Apr-19,"2,886.58","2,886.88","2,873.33","2,878.20","2,878.20","3,007,980,000"
8-Apr-19,"2,888.46","2,895.95","2,880.78","2,895.77","2,895.77","3,054,030,000"
5-Apr-19,"2,884.16","2,893.24","2,882.99","2,892.74","2,892.74","3,146,820,000"
4-Apr-19,"2,873.99","2,881.28","2,867.14","2,879.39","2,879.39","3,015,180,000"
3-Apr-19,"2,876.09","2,885.25","2,865.17","2,873.40","2,873.40","3,550,240,000"
2-Apr-19,"2,868.24","2,872.90","2,858.75","2,867.24","2,867.24","3,246,900,000"
1-Apr-19,"2,848.63","2,869.40","2,848.63","2,867.19","2,867.19","3,500,760,000"
29-Mar-19,"2,828.27","2,836.03","2,819.23","2,834.40","2,834.40","3,740,700,000"
28-Mar-19,"2,809.40","2,819.71","2,798.77","2,815.44","2,815.44","3,158,170,000"
27-Mar-19,"2,819.72","2,825.56","2,787.72","2,805.37","2,805.37","3,372,930,000"
26-Mar-19,"2,812.66","2,829.87","2,803.99","2,818.46","2,818.46","3,266,050,000"
25-Mar-19,"2,796.01","2,809.79","2,785.02","2,798.36","2,798.36","3,376,580,000"
22-Mar-19,"2,844.52","2,846.16","2,800.47","2,800.71","2,800.71","4,237,200,000"
21-Mar-19,"2,819.72","2,860.31","2,817.38","2,854.88","2,854.88","3,546,800,000"
20-Mar-19,"2,831.34","2,843.54","2,812.43","2,824.23","2,824.23","3,771,200,000"
19-Mar-19,"2,840.76","2,852.42","2,823.27","2,832.57","2,832.57","3,620,220,000"
18-Mar-19,"2,822.61","2,835.41","2,821.99","2,832.94","2,832.94","3,552,190,000"
15-Mar-19,"2,810.79","2,830.73","2,810.79","2,822.48","2,822.48","5,962,730,000"
14-Mar-19,"2,810.38","2,815.00","2,803.46","2,808.48","2,808.48","3,469,730,000"
13-Mar-19,"2,799.78","2,821.24","2,799.78","2,810.92","2,810.92","3,766,150,000"
12-Mar-19,"2,787.34","2,798.32","2,786.73","2,791.52","2,791.52","3,414,230,000"
11-Mar-19,"2,747.61","2,784.00","2,747.61","2,783.30","2,783.30","3,749,030,000"
8-Mar-19,"2,730.79","2,744.13","2,722.27","2,743.07","2,743.07","3,423,130,000"
7-Mar-19,"2,766.53","2,767.25","2,739.09","2,748.93","2,748.93","3,904,860,000"
6-Mar-19,"2,790.27","2,790.27","2,768.69","2,771.45","2,771.45","3,786,600,000"
5-Mar-19,"2,794.41","2,796.44","2,782.97","2,789.65","2,789.65","3,585,690,000"
4-Mar-19,"2,814.37","2,816.88","2,767.66","2,792.81","2,792.81","3,919,810,000"
1-Mar-19,"2,798.22","2,808.02","2,787.38","2,803.69","2,803.69","3,972,280,000"
28-Feb-19,"2,788.11","2,793.73","2,782.51","2,784.49","2,784.49","4,396,930,000"
27-Feb-19,"2,787.50","2,795.76","2,775.13","2,792.38","2,792.38","3,767,130,000"
26-Feb-19,"2,792.36","2,803.12","2,789.47","2,793.90","2,793.90","3,645,680,000"
25-Feb-19,"2,804.35","2,813.49","2,794.99","2,796.11","2,796.11","3,804,380,000"
22-Feb-19,"2,780.67","2,794.20","2,779.11","2,792.67","2,792.67","3,427,810,000"
21-Feb-19,"2,780.24","2,781.58","2,764.55","2,774.88","2,774.88","3,559,710,000"
20-Feb-19,"2,779.05","2,789.88","2,774.06","2,784.70","2,784.70","3,835,450,000"
19-Feb-19,"2,769.28","2,787.33","2,767.29","2,779.76","2,779.76","3,533,710,000"
15-Feb-19,"2,760.24","2,775.66","2,760.24","2,775.60","2,775.60","3,641,370,000"
14-Feb-19,"2,743.50","2,757.90","2,731.23","2,745.73","2,745.73","3,836,700,000"
13-Feb-19,"2,750.30","2,761.85","2,748.63","2,753.03","2,753.03","3,670,770,000"
12-Feb-19,"2,722.61","2,748.19","2,722.61","2,744.73","2,744.73","3,827,770,000"
11-Feb-19,"2,712.40","2,718.05","2,703.79","2,709.80","2,709.80","3,361,970,000"
8-Feb-19,"2,692.36","2,708.07","2,681.83","2,707.88","2,707.88","3,622,330,000"
7-Feb-19,"2,717.53","2,719.32","2,687.26","2,706.05","2,706.05","4,099,490,000"
6-Feb-19,"2,735.05","2,738.08","2,724.15","2,731.61","2,731.61","3,472,690,000"
5-Feb-19,"2,728.34","2,738.98","2,724.03","2,737.70","2,737.70","3,560,430,000"
4-Feb-19,"2,706.49","2,724.99","2,698.75","2,724.87","2,724.87","3,359,840,000"
1-Feb-19,"2,702.32","2,716.66","2,696.88","2,706.53","2,706.53","3,759,270,000"
31-Jan-19,"2,685.49","2,708.95","2,678.65","2,704.10","2,704.10","4,917,650,000"
30-Jan-19,"2,653.62","2,690.44","2,648.34","2,681.05","2,681.05","3,867,810,000"
29-Jan-19,"2,644.89","2,650.93","2,631.05","2,640.00","2,640.00","3,504,200,000"
28-Jan-19,"2,644.97","2,644.97","2,624.06","2,643.85","2,643.85","3,612,810,000"
25-Jan-19,"2,657.44","2,672.38","2,657.33","2,664.76","2,664.76","3,814,080,000"
24-Jan-19,"2,638.84","2,647.20","2,627.01","2,642.33","2,642.33","3,433,250,000"
23-Jan-19,"2,643.48","2,653.19","2,612.86","2,638.70","2,638.70","3,335,610,000"
22-Jan-19,"2,657.88","2,657.88","2,617.27","2,632.90","2,632.90","3,908,030,000"
18-Jan-19,"2,651.27","2,675.47","2,647.58","2,670.71","2,670.71","3,986,730,000"
17-Jan-19,"2,609.28","2,645.06","2,606.36","2,635.96","2,635.96","3,772,270,000"
16-Jan-19,"2,614.75","2,625.76","2,612.68","2,616.10","2,616.10","3,863,770,000"
15-Jan-19,"2,585.10","2,613.08","2,585.10","2,610.30","2,610.30","3,572,330,000"
14-Jan-19,"2,580.31","2,589.32","2,570.41","2,582.61","2,582.61","3,664,450,000"
11-Jan-19,"2,588.11","2,596.27","2,577.40","2,596.26","2,596.26","3,434,490,000"
10-Jan-19,"2,573.51","2,597.82","2,562.02","2,596.64","2,596.64","3,704,500,000"
9-Jan-19,"2,580.00","2,595.32","2,568.89","2,584.96","2,584.96","4,052,480,000"
8-Jan-19,"2,568.11","2,579.82","2,547.56","2,574.41","2,574.41","4,083,030,000"
7-Jan-19,"2,535.61","2,566.16","2,524.56","2,549.69","2,549.69","4,104,710,000"
4-Jan-19,"2,474.33","2,538.07","2,474.33","2,531.94","2,531.94","4,213,410,000"
3-Jan-19,"2,491.92","2,493.14","2,443.96","2,447.89","2,447.89","3,822,860,000"
2-Jan-19,"2,476.96","2,519.49","2,467.47","2,510.03","2,510.03","3,733,160,000"
31-Dec-18,"2,498.94","2,509.24","2,482.82","2,506.85","2,506.85","3,442,870,000"
28-Dec-18,"2,498.77","2,520.27","2,472.89","2,485.74","2,485.74","3,702,620,000"
27-Dec-18,"2,442.50","2,489.10","2,397.94","2,488.83","2,488.83","4,096,610,000"
26-Dec-18,"2,363.12","2,467.76","2,346.58","2,467.70","2,467.70","4,233,990,000"
24-Dec-18,"2,400.56","2,410.34","2,351.10","2,351.10","2,351.10","2,613,930,000"
21-Dec-18,"2,465.38","2,504.41","2,408.55","2,416.62","2,416.62","7,609,010,000"
20-Dec-18,"2,496.77","2,509.63","2,441.18","2,467.42","2,467.42","5,585,780,000"
19-Dec-18,"2,547.05","2,585.29","2,488.96","2,506.96","2,506.96","5,127,940,000"
18-Dec-18,"2,559.90","2,573.99","2,528.71","2,546.16","2,546.16","4,470,880,000"
17-Dec-18,"2,590.75","2,601.13","2,530.54","2,545.94","2,545.94","4,616,350,000"
14-Dec-18,"2,629.68","2,635.07","2,593.84","2,599.95","2,599.95","4,035,020,000"
13-Dec-18,"2,658.70","2,670.19","2,637.27","2,650.54","2,650.54","3,927,720,000"
12-Dec-18,"2,658.23","2,685.44","2,650.26","2,651.07","2,651.07","3,958,890,000"
11-Dec-18,"2,664.44","2,674.35","2,621.30","2,636.78","2,636.78","3,905,870,000"
10-Dec-18,"2,630.86","2,647.51","2,583.23","2,637.72","2,637.72","4,151,030,000"
7-Dec-18,"2,691.26","2,708.54","2,623.14","2,633.08","2,633.08","4,216,690,000"
6-Dec-18,"2,663.51","2,696.15","2,621.53","2,695.95","2,695.95","5,141,470,000"
4-Dec-18,"2,782.43","2,785.93","2,697.18","2,700.06","2,700.06","4,499,840,000"
3-Dec-18,"2,790.50","2,800.18","2,773.38","2,790.37","2,790.37","4,186,060,000"
30-Nov-18,"2,737.76","2,760.88","2,732.76","2,760.17","2,760.17","4,658,580,000"
29-Nov-18,"2,736.97","2,753.75","2,722.94","2,737.80","2,737.80","3,560,770,000"
28-Nov-18,"2,691.45","2,744.00","2,684.38","2,743.79","2,743.79","3,951,670,000"
27-Nov-18,"2,663.75","2,682.53","2,655.89","2,682.17","2,682.17","3,485,220,000"
26-Nov-18,"2,649.97","2,674.35","2,649.97","2,673.45","2,673.45","3,443,950,000"
23-Nov-18,"2,633.36","2,647.55","2,631.09","2,632.56","2,632.56","1,651,650,000"
21-Nov-18,"2,657.74","2,670.73","2,649.82","2,649.93","2,649.93","3,233,550,000"
20-Nov-18,"2,654.60","2,669.44","2,631.52","2,641.89","2,641.89","4,357,900,000"
19-Nov-18,"2,730.74","2,733.16","2,681.09","2,690.73","2,690.73","3,772,900,000"
16-Nov-18,"2,718.54","2,746.75","2,712.16","2,736.27","2,736.27","3,975,180,000"
15-Nov-18,"2,693.52","2,735.38","2,670.75","2,730.20","2,730.20","4,179,140,000"
14-Nov-18,"2,737.90","2,746.80","2,685.75","2,701.58","2,701.58","4,402,370,000"
13-Nov-18,"2,730.05","2,754.60","2,714.98","2,722.18","2,722.18","4,091,440,000"
12-Nov-18,"2,773.93","2,775.99","2,722.00","2,726.22","2,726.22","3,670,930,000"
9-Nov-18,"2,794.10","2,794.10","2,764.24","2,781.01","2,781.01","4,019,090,000"
8-Nov-18,"2,806.38","2,814.75","2,794.99","2,806.83","2,806.83","3,630,490,000"
7-Nov-18,"2,774.13","2,815.15","2,774.13","2,813.89","2,813.89","3,914,750,000"
6-Nov-18,"2,738.40","2,756.82","2,737.08","2,755.45","2,755.45","3,510,860,000"
5-Nov-18,"2,726.37","2,744.27","2,717.94","2,738.31","2,738.31","3,623,320,000"
2-Nov-18,"2,745.45","2,756.55","2,700.44","2,723.06","2,723.06","4,237,930,000"
1-Nov-18,"2,717.58","2,741.67","2,708.85","2,740.37","2,740.37","4,708,420,000"
31-Oct-18,"2,705.60","2,736.69","2,705.60","2,711.74","2,711.74","5,112,420,000"
30-Oct-18,"2,640.68","2,685.43","2,635.34","2,682.63","2,682.63","5,106,380,000"
29-Oct-18,"2,682.65","2,706.85","2,603.54","2,641.25","2,641.25","4,673,700,000"
26-Oct-18,"2,667.86","2,692.38","2,628.16","2,658.69","2,658.69","4,803,150,000"
25-Oct-18,"2,674.88","2,722.70","2,667.84","2,705.57","2,705.57","4,634,770,000"
24-Oct-18,"2,737.87","2,742.59","2,651.89","2,656.10","2,656.10","4,709,310,000"
23-Oct-18,"2,721.03","2,753.59","2,691.43","2,740.69","2,740.69","4,348,580,000"
22-Oct-18,"2,773.94","2,778.94","2,749.22","2,755.88","2,755.88","3,307,140,000"
19-Oct-18,"2,775.66","2,797.77","2,760.27","2,767.78","2,767.78","3,566,490,000"
18-Oct-18,"2,802.00","2,806.04","2,755.18","2,768.78","2,768.78","3,616,440,000"
17-Oct-18,"2,811.67","2,816.94","2,781.81","2,809.21","2,809.21","3,321,710,000"
16-Oct-18,"2,767.05","2,813.46","2,766.91","2,809.92","2,809.92","3,428,340,000"
15-Oct-18,"2,763.83","2,775.99","2,749.03","2,750.79","2,750.79","3,300,140,000"
12-Oct-18,"2,770.54","2,775.77","2,729.44","2,767.13","2,767.13","3,966,040,000"
11-Oct-18,"2,776.87","2,795.14","2,710.51","2,728.37","2,728.37","4,890,630,000"
10-Oct-18,"2,873.90","2,874.02","2,784.86","2,785.68","2,785.68","4,501,250,000"
9-Oct-18,"2,882.51","2,894.83","2,874.27","2,880.34","2,880.34","3,520,500,000"
8-Oct-18,"2,877.53","2,889.45","2,862.08","2,884.43","2,884.43","3,330,320,000"
5-Oct-18,"2,902.54","2,909.64","2,869.29","2,885.57","2,885.57","3,328,980,000"
4-Oct-18,"2,919.35","2,919.78","2,883.92","2,901.61","2,901.61","3,496,860,000"
3-Oct-18,"2,931.69","2,939.86","2,921.36","2,925.51","2,925.51","3,598,710,000"
2-Oct-18,"2,923.80","2,931.42","2,919.37","2,923.43","2,923.43","3,401,880,000"
1-Oct-18,"2,926.29","2,937.06","2,917.91","2,924.59","2,924.59","3,364,190,000"
28-Sep-18,"2,910.03","2,920.53","2,907.50","2,913.98","2,913.98","3,432,300,000"
27-Sep-18,"2,911.65","2,927.22","2,909.27","2,914.00","2,914.00","3,060,850,000"
26-Sep-18,"2,916.98","2,931.15","2,903.28","2,905.97","2,905.97","3,388,620,000"
25-Sep-18,"2,921.75","2,923.95","2,913.70","2,915.56","2,915.56","3,285,480,000"
24-Sep-18,"2,921.83","2,923.79","2,912.63","2,919.37","2,919.37","3,372,210,000"
21-Sep-18,"2,936.76","2,940.91","2,927.11","2,929.67","2,929.67","5,607,610,000"
20-Sep-18,"2,919.73","2,934.80","2,919.73","2,930.75","2,930.75","3,337,730,000"
19-Sep-18,"2,906.60","2,912.36","2,903.82","2,907.95","2,907.95","3,280,020,000"
18-Sep-18,"2,890.74","2,911.17","2,890.43","2,904.31","2,904.31","3,074,610,000"
17-Sep-18,"2,903.83","2,904.65","2,886.16","2,888.80","2,888.80","2,947,760,000"
14-Sep-18,"2,906.38","2,908.30","2,895.77","2,904.98","2,904.98","3,149,800,000"
13-Sep-18,"2,896.85","2,906.76","2,896.39","2,904.18","2,904.18","3,254,930,000"
12-Sep-18,"2,888.29","2,894.65","2,879.20","2,888.92","2,888.92","3,264,930,000"
11-Sep-18,"2,871.57","2,892.52","2,866.78","2,887.89","2,887.89","2,899,660,000"
10-Sep-18,"2,881.39","2,886.93","2,875.94","2,877.13","2,877.13","2,731,400,000"
7-Sep-18,"2,868.26","2,883.81","2,864.12","2,871.68","2,871.68","2,946,270,000"
6-Sep-18,"2,888.64","2,892.05","2,867.29","2,878.05","2,878.05","3,139,590,000"
5-Sep-18,"2,891.59","2,894.21","2,876.92","2,888.60","2,888.60","3,241,250,000"
4-Sep-18,"2,896.96","2,900.18","2,885.13","2,896.72","2,896.72","3,077,060,000"
31-Aug-18,"2,898.37","2,906.32","2,891.73","2,901.52","2,901.52","2,880,260,000"
30-Aug-18,"2,908.94","2,912.46","2,895.22","2,901.13","2,901.13","2,802,180,000"
29-Aug-18,"2,900.62","2,916.50","2,898.40","2,914.04","2,914.04","2,791,860,000"
28-Aug-18,"2,901.45","2,903.77","2,893.50","2,897.52","2,897.52","2,683,190,000"
27-Aug-18,"2,884.69","2,898.25","2,884.69","2,896.74","2,896.74","2,854,080,000"
24-Aug-18,"2,862.35","2,876.16","2,862.35","2,874.69","2,874.69","2,596,190,000"
23-Aug-18,"2,860.29","2,868.78","2,854.03","2,856.98","2,856.98","2,713,910,000"
22-Aug-18,"2,860.99","2,867.54","2,856.05","2,861.82","2,861.82","2,689,560,000"
21-Aug-18,"2,861.51","2,873.23","2,861.32","2,862.96","2,862.96","3,147,140,000"
20-Aug-18,"2,853.93","2,859.76","2,850.62","2,857.05","2,857.05","2,748,020,000"
17-Aug-18,"2,838.32","2,855.63","2,833.73","2,850.13","2,850.13","3,024,100,000"
16-Aug-18,"2,831.44","2,850.49","2,831.44","2,840.69","2,840.69","3,219,880,000"
15-Aug-18,"2,827.95","2,827.95","2,802.49","2,818.37","2,818.37","3,645,070,000"
14-Aug-18,"2,827.88","2,843.11","2,826.58","2,839.96","2,839.96","2,976,970,000"
13-Aug-18,"2,835.46","2,843.40","2,819.88","2,821.93","2,821.93","3,158,450,000"
10-Aug-18,"2,838.90","2,842.20","2,825.81","2,833.28","2,833.28","3,256,040,000"
9-Aug-18,"2,857.19","2,862.48","2,851.98","2,853.58","2,853.58","3,047,050,000"
8-Aug-18,"2,856.79","2,862.44","2,853.09","2,857.70","2,857.70","2,972,200,000"
7-Aug-18,"2,855.92","2,863.43","2,855.92","2,858.45","2,858.45","3,162,770,000"
6-Aug-18,"2,840.29","2,853.29","2,835.98","2,850.40","2,850.40","2,874,540,000"
3-Aug-18,"2,829.62","2,840.38","2,827.37","2,840.35","2,840.35","3,030,390,000"
2-Aug-18,"2,800.48","2,829.91","2,796.34","2,827.22","2,827.22","3,467,380,000"
1-Aug-18,"2,821.17","2,825.83","2,805.85","2,813.36","2,813.36","3,496,990,000"
31-Jul-18,"2,809.73","2,824.46","2,808.06","2,816.29","2,816.29","3,892,100,000"
30-Jul-18,"2,819.00","2,821.74","2,798.11","2,802.60","2,802.60","3,245,770,000"
27-Jul-18,"2,842.35","2,843.17","2,808.34","2,818.82","2,818.82","3,415,710,000"
26-Jul-18,"2,835.49","2,845.57","2,835.26","2,837.44","2,837.44","3,653,330,000"
25-Jul-18,"2,817.73","2,848.03","2,817.73","2,846.07","2,846.07","3,553,010,000"
24-Jul-18,"2,820.68","2,829.99","2,811.12","2,820.40","2,820.40","3,417,530,000"
23-Jul-18,"2,799.17","2,808.61","2,795.14","2,806.98","2,806.98","2,907,430,000"
20-Jul-18,"2,804.55","2,809.70","2,800.01","2,801.83","2,801.83","3,230,210,000"
19-Jul-18,"2,809.37","2,812.05","2,799.77","2,804.49","2,804.49","3,266,700,000"
18-Jul-18,"2,811.35","2,816.76","2,805.89","2,815.62","2,815.62","3,089,780,000"
17-Jul-18,"2,789.34","2,814.19","2,789.24","2,809.55","2,809.55","3,050,730,000"
16-Jul-18,"2,797.36","2,801.19","2,793.39","2,798.43","2,798.43","2,812,230,000"
13-Jul-18,"2,796.93","2,804.53","2,791.69","2,801.31","2,801.31","2,614,000,000"
12-Jul-18,"2,783.14","2,799.22","2,781.53","2,798.29","2,798.29","2,821,690,000"
11-Jul-18,"2,779.82","2,785.91","2,770.77","2,774.02","2,774.02","2,964,740,000"
10-Jul-18,"2,788.56","2,795.58","2,786.24","2,793.84","2,793.84","3,063,850,000"
9-Jul-18,"2,775.62","2,784.65","2,770.73","2,784.17","2,784.17","3,050,040,000"
6-Jul-18,"2,737.68","2,764.41","2,733.52","2,759.82","2,759.82","2,554,780,000"
5-Jul-18,"2,724.19","2,737.83","2,716.02","2,736.61","2,736.61","2,953,420,000"
3-Jul-18,"2,733.27","2,736.58","2,711.16","2,713.22","2,713.22","1,911,470,000"
2-Jul-18,"2,704.95","2,727.26","2,698.95","2,726.71","2,726.71","3,073,650,000"
29-Jun-18,"2,727.13","2,743.26","2,718.03","2,718.37","2,718.37","3,565,620,000"
28-Jun-18,"2,698.69","2,724.34","2,691.99","2,716.31","2,716.31","3,428,140,000"
27-Jun-18,"2,728.45","2,746.09","2,699.38","2,699.63","2,699.63","3,776,090,000"
26-Jun-18,"2,722.12","2,732.91","2,715.60","2,723.06","2,723.06","3,555,090,000"
25-Jun-18,"2,742.94","2,742.94","2,698.67","2,717.07","2,717.07","3,655,080,000"
22-Jun-18,"2,760.79","2,764.17","2,752.68","2,754.88","2,754.88","5,450,550,000"
21-Jun-18,"2,769.28","2,769.28","2,744.39","2,749.76","2,749.76","3,300,060,000"
20-Jun-18,"2,769.73","2,774.86","2,763.91","2,767.32","2,767.32","3,327,600,000"
19-Jun-18,"2,752.01","2,765.05","2,743.19","2,762.59","2,762.59","3,661,470,000"
18-Jun-18,"2,765.79","2,774.99","2,757.12","2,773.75","2,773.75","3,287,150,000"
15-Jun-18,"2,777.78","2,782.81","2,761.73","2,779.66","2,779.66","5,428,790,000"
14-Jun-18,"2,783.21","2,789.06","2,776.52","2,782.49","2,782.49","3,526,890,000"
13-Jun-18,"2,787.94","2,791.47","2,774.65","2,775.63","2,775.63","3,779,230,000"
12-Jun-18,"2,785.60","2,789.80","2,778.78","2,786.85","2,786.85","3,401,010,000"
11-Jun-18,"2,780.18","2,790.21","2,780.17","2,782.00","2,782.00","3,232,330,000"
8-Jun-18,"2,765.84","2,779.39","2,763.59","2,779.03","2,779.03","3,123,210,000"
7-Jun-18,"2,774.84","2,779.90","2,760.16","2,770.37","2,770.37","3,711,330,000"
6-Jun-18,"2,753.25","2,772.39","2,748.46","2,772.35","2,772.35","3,651,640,000"
5-Jun-18,"2,748.46","2,752.61","2,739.51","2,748.80","2,748.80","3,517,790,000"
4-Jun-18,"2,741.67","2,749.16","2,740.54","2,746.87","2,746.87","3,376,510,000"
1-Jun-18,"2,718.70","2,736.93","2,718.70","2,734.62","2,734.62","3,684,130,000"
31-May-18,"2,720.98","2,722.50","2,700.68","2,705.27","2,705.27","4,235,370,000"
30-May-18,"2,702.43","2,729.34","2,702.43","2,724.01","2,724.01","3,561,050,000"
29-May-18,"2,705.11","2,710.67","2,676.81","2,689.86","2,689.86","3,736,890,000"
25-May-18,"2,723.60","2,727.36","2,714.99","2,721.33","2,721.33","2,995,260,000"
24-May-18,"2,730.94","2,731.97","2,707.38","2,727.76","2,727.76","3,256,030,000"
23-May-18,"2,713.98","2,733.33","2,709.54","2,733.29","2,733.29","3,326,290,000"
22-May-18,"2,738.34","2,742.24","2,721.88","2,724.44","2,724.44","3,366,310,000"
21-May-18,"2,735.39","2,739.19","2,725.70","2,733.01","2,733.01","3,019,890,000"
18-May-18,"2,717.35","2,719.50","2,709.18","2,712.97","2,712.97","3,368,690,000"
17-May-18,"2,719.71","2,731.96","2,711.36","2,720.13","2,720.13","3,475,400,000"
16-May-18,"2,712.62","2,727.76","2,712.17","2,722.46","2,722.46","3,202,670,000"
15-May-18,"2,718.59","2,718.59","2,701.91","2,711.45","2,711.45","3,290,680,000"
14-May-18,"2,738.47","2,742.10","2,725.47","2,730.13","2,730.13","2,972,660,000"
11-May-18,"2,722.70","2,732.86","2,717.45","2,727.72","2,727.72","2,862,700,000"
10-May-18,"2,705.02","2,726.11","2,704.54","2,723.07","2,723.07","3,333,050,000"
9-May-18,"2,678.12","2,701.27","2,674.14","2,697.79","2,697.79","3,909,500,000"
8-May-18,"2,670.26","2,676.34","2,655.20","2,671.92","2,671.92","3,717,570,000"
7-May-18,"2,680.34","2,683.35","2,664.70","2,672.63","2,672.63","3,237,960,000"
4-May-18,"2,621.45","2,670.93","2,615.32","2,663.42","2,663.42","3,327,220,000"
3-May-18,"2,628.08","2,637.14","2,594.62","2,629.73","2,629.73","3,851,470,000"
2-May-18,"2,654.24","2,660.87","2,631.70","2,635.67","2,635.67","4,010,770,000"
1-May-18,"2,642.96","2,655.27","2,625.41","2,654.80","2,654.80","3,559,850,000"
30-Apr-18,"2,682.51","2,682.87","2,648.04","2,648.05","2,648.05","3,734,530,000"
27-Apr-18,"2,675.47","2,677.35","2,659.01","2,669.91","2,669.91","3,219,030,000"
26-Apr-18,"2,651.65","2,676.48","2,647.16","2,666.94","2,666.94","3,665,720,000"
25-Apr-18,"2,634.92","2,645.30","2,612.67","2,639.40","2,639.40","3,499,440,000"
24-Apr-18,"2,680.80","2,683.55","2,617.32","2,634.56","2,634.56","3,706,740,000"
23-Apr-18,"2,675.40","2,682.86","2,657.99","2,670.29","2,670.29","3,017,480,000"
20-Apr-18,"2,692.56","2,693.94","2,660.61","2,670.14","2,670.14","3,388,590,000"
19-Apr-18,"2,701.16","2,702.84","2,681.90","2,693.13","2,693.13","3,349,370,000"
18-Apr-18,"2,710.11","2,717.49","2,703.63","2,708.64","2,708.64","3,383,410,000"
17-Apr-18,"2,692.74","2,713.34","2,692.05","2,706.39","2,706.39","3,234,360,000"
16-Apr-18,"2,670.10","2,686.49","2,665.16","2,677.84","2,677.84","3,019,700,000"
13-Apr-18,"2,676.90","2,680.26","2,645.05","2,656.30","2,656.30","2,960,910,000"
12-Apr-18,"2,653.83","2,674.72","2,653.83","2,663.99","2,663.99","3,021,320,000"
11-Apr-18,"2,643.89","2,661.43","2,639.25","2,642.19","2,642.19","3,020,760,000"
10-Apr-18,"2,638.41","2,665.45","2,635.78","2,656.87","2,656.87","3,543,930,000"
9-Apr-18,"2,617.18","2,653.55","2,610.79","2,613.16","2,613.16","3,062,960,000"
6-Apr-18,"2,645.82","2,656.88","2,586.27","2,604.47","2,604.47","3,299,700,000"
5-Apr-18,"2,657.36","2,672.08","2,649.58","2,662.84","2,662.84","3,178,970,000"
4-Apr-18,"2,584.04","2,649.86","2,573.61","2,644.69","2,644.69","3,350,340,000"
3-Apr-18,"2,592.17","2,619.14","2,575.49","2,614.45","2,614.45","3,392,810,000"
2-Apr-18,"2,633.45","2,638.30","2,553.80","2,581.88","2,581.88","3,598,520,000"
29-Mar-18,"2,614.41","2,659.07","2,609.72","2,640.87","2,640.87","3,565,990,000"
28-Mar-18,"2,611.30","2,632.65","2,593.06","2,605.00","2,605.00","3,864,500,000"
27-Mar-18,"2,667.57","2,674.78","2,596.12","2,612.62","2,612.62","3,706,350,000"
26-Mar-18,"2,619.35","2,661.36","2,601.81","2,658.55","2,658.55","3,511,100,000"
23-Mar-18,"2,646.71","2,657.67","2,585.89","2,588.26","2,588.26","3,815,080,000"
22-Mar-18,"2,691.36","2,695.68","2,641.59","2,643.69","2,643.69","3,739,800,000"
21-Mar-18,"2,714.99","2,739.14","2,709.79","2,711.93","2,711.93","3,415,510,000"
20-Mar-18,"2,715.05","2,724.22","2,710.05","2,716.94","2,716.94","3,261,030,000"
19-Mar-18,"2,741.38","2,741.38","2,694.59","2,712.92","2,712.92","3,302,130,000"
16-Mar-18,"2,750.57","2,761.85","2,749.97","2,752.01","2,752.01","5,372,340,000"
15-Mar-18,"2,754.27","2,763.03","2,741.47","2,747.33","2,747.33","3,500,330,000"
14-Mar-18,"2,774.06","2,777.11","2,744.38","2,749.48","2,749.48","3,391,360,000"
13-Mar-18,"2,792.31","2,801.90","2,758.68","2,765.31","2,765.31","3,301,650,000"
12-Mar-18,"2,790.54","2,796.98","2,779.26","2,783.02","2,783.02","3,185,020,000"
9-Mar-18,"2,752.91","2,786.57","2,751.54","2,786.57","2,786.57","3,364,100,000"
8-Mar-18,"2,732.75","2,740.45","2,722.65","2,738.97","2,738.97","3,212,320,000"
7-Mar-18,"2,710.18","2,730.60","2,701.74","2,726.80","2,726.80","3,393,270,000"
6-Mar-18,"2,730.18","2,732.08","2,711.26","2,728.12","2,728.12","3,370,690,000"
5-Mar-18,"2,681.06","2,728.09","2,675.75","2,720.94","2,720.94","3,710,810,000"
2-Mar-18,"2,658.89","2,696.25","2,647.32","2,691.25","2,691.25","3,882,450,000"
1-Mar-18,"2,715.22","2,730.89","2,659.65","2,677.67","2,677.67","4,503,970,000"
28-Feb-18,"2,753.78","2,761.52","2,713.54","2,713.83","2,713.83","4,230,660,000"
27-Feb-18,"2,780.45","2,789.15","2,744.22","2,744.28","2,744.28","3,745,080,000"
26-Feb-18,"2,757.37","2,780.64","2,753.78","2,779.60","2,779.60","3,424,650,000"
23-Feb-18,"2,715.80","2,747.76","2,713.74","2,747.30","2,747.30","3,189,190,000"
22-Feb-18,"2,710.42","2,731.26","2,697.77","2,703.96","2,703.96","3,701,270,000"
21-Feb-18,"2,720.53","2,747.75","2,701.29","2,701.33","2,701.33","3,779,400,000"
20-Feb-18,"2,722.99","2,737.60","2,706.76","2,716.26","2,716.26","3,627,610,000"
16-Feb-18,"2,727.14","2,754.42","2,725.11","2,732.22","2,732.22","3,637,460,000"
15-Feb-18,"2,713.46","2,731.51","2,689.82","2,731.20","2,731.20","3,684,910,000"
14-Feb-18,"2,651.21","2,702.10","2,648.87","2,698.63","2,698.63","4,003,740,000"
13-Feb-18,"2,646.27","2,668.84","2,637.08","2,662.94","2,662.94","3,472,870,000"
12-Feb-18,"2,636.75","2,672.61","2,622.45","2,656.00","2,656.00","4,055,790,000"
9-Feb-18,"2,601.78","2,638.67","2,532.69","2,619.55","2,619.55","5,680,070,000"
8-Feb-18,"2,685.01","2,685.27","2,580.56","2,581.00","2,581.00","5,305,440,000"
7-Feb-18,"2,690.95","2,727.67","2,681.33","2,681.66","2,681.66","4,626,570,000"
6-Feb-18,"2,614.78","2,701.04","2,593.07","2,695.14","2,695.14","5,891,660,000"
5-Feb-18,"2,741.06","2,763.39","2,638.17","2,648.94","2,648.94","5,283,460,000"
2-Feb-18,"2,808.92","2,808.92","2,759.97","2,762.13","2,762.13","4,301,130,000"
1-Feb-18,"2,816.45","2,835.96","2,812.70","2,821.98","2,821.98","3,938,450,000"
31-Jan-18,"2,832.41","2,839.26","2,813.04","2,823.81","2,823.81","4,261,280,000"
30-Jan-18,"2,832.74","2,837.75","2,818.27","2,822.43","2,822.43","3,990,650,000"
29-Jan-18,"2,867.23","2,870.62","2,851.48","2,853.53","2,853.53","3,573,830,000"
26-Jan-18,"2,847.48","2,872.87","2,846.18","2,872.87","2,872.87","3,443,230,000"
25-Jan-18,"2,846.24","2,848.56","2,830.94","2,839.25","2,839.25","3,835,150,000"
24-Jan-18,"2,845.42","2,852.97","2,824.81","2,837.54","2,837.54","4,014,070,000"
23-Jan-18,"2,835.05","2,842.24","2,830.59","2,839.13","2,839.13","3,519,650,000"
22-Jan-18,"2,809.16","2,833.03","2,808.12","2,832.97","2,832.97","3,471,780,000"
19-Jan-18,"2,802.60","2,810.33","2,798.08","2,810.30","2,810.30","3,639,430,000"
18-Jan-18,"2,802.40","2,805.83","2,792.56","2,798.03","2,798.03","3,681,470,000"
17-Jan-18,"2,784.99","2,807.04","2,778.38","2,802.56","2,802.56","3,778,050,000"
16-Jan-18,"2,798.96","2,807.54","2,768.64","2,776.42","2,776.42","4,325,970,000"
12-Jan-18,"2,770.18","2,787.85","2,769.64","2,786.24","2,786.24","3,573,970,000"
11-Jan-18,"2,752.97","2,767.56","2,752.78","2,767.56","2,767.56","3,641,320,000"
10-Jan-18,"2,745.55","2,750.80","2,736.06","2,748.23","2,748.23","3,576,350,000"
9-Jan-18,"2,751.15","2,759.14","2,747.86","2,751.29","2,751.29","3,453,480,000"
8-Jan-18,"2,742.67","2,748.51","2,737.60","2,747.71","2,747.71","3,242,650,000"
5-Jan-18,"2,731.33","2,743.45","2,727.92","2,743.15","2,743.15","3,236,620,000"
4-Jan-18,"2,719.31","2,729.29","2,719.07","2,723.99","2,723.99","3,695,260,000"
3-Jan-18,"2,697.85","2,714.37","2,697.77","2,713.06","2,713.06","3,538,660,000"
2-Jan-18,"2,683.73","2,695.89","2,682.36","2,695.81","2,695.81","3,367,250,000"
29-Dec-17,"2,689.15","2,692.12","2,673.61","2,673.61","2,673.61","2,443,490,000"
28-Dec-17,"2,686.10","2,687.66","2,682.69","2,687.54","2,687.54","2,153,330,000"
27-Dec-17,"2,682.10","2,685.64","2,678.91","2,682.62","2,682.62","2,202,080,000"
26-Dec-17,"2,679.09","2,682.74","2,677.96","2,680.50","2,680.50","1,968,780,000"
22-Dec-17,"2,684.22","2,685.35","2,678.13","2,683.34","2,683.34","2,399,830,000"
21-Dec-17,"2,683.02","2,692.64","2,682.40","2,684.57","2,684.57","3,273,390,000"
20-Dec-17,"2,688.18","2,691.01","2,676.11","2,679.25","2,679.25","3,241,030,000"
19-Dec-17,"2,692.71","2,694.44","2,680.74","2,681.47","2,681.47","3,368,590,000"
18-Dec-17,"2,685.92","2,694.97","2,685.92","2,690.16","2,690.16","3,724,660,000"
15-Dec-17,"2,660.63","2,679.63","2,659.14","2,675.81","2,675.81","5,723,920,000"
14-Dec-17,"2,665.87","2,668.09","2,652.01","2,652.01","2,652.01","3,430,030,000"
13-Dec-17,"2,667.59","2,671.88","2,662.85","2,662.85","2,662.85","3,542,370,000"
12-Dec-17,"2,661.73","2,669.72","2,659.78","2,664.11","2,664.11","3,555,680,000"
11-Dec-17,"2,652.19","2,660.33","2,651.47","2,659.99","2,659.99","3,091,950,000"
8-Dec-17,"2,646.21","2,651.65","2,644.10","2,651.50","2,651.50","3,106,150,000"
7-Dec-17,"2,628.38","2,640.99","2,626.53","2,636.98","2,636.98","3,292,400,000"
6-Dec-17,"2,626.24","2,634.41","2,624.75","2,629.27","2,629.27","3,229,000,000"
5-Dec-17,"2,639.78","2,648.72","2,627.73","2,629.57","2,629.57","3,539,040,000"
4-Dec-17,"2,657.19","2,665.19","2,639.03","2,639.44","2,639.44","4,023,150,000"
1-Dec-17,"2,645.10","2,650.62","2,605.52","2,642.22","2,642.22","3,942,320,000"
30-Nov-17,"2,633.93","2,657.74","2,633.93","2,647.58","2,647.58","4,938,490,000"
29-Nov-17,"2,627.82","2,634.89","2,620.32","2,626.07","2,626.07","4,078,280,000"
28-Nov-17,"2,605.94","2,627.69","2,605.44","2,627.04","2,627.04","3,488,420,000"
27-Nov-17,"2,602.66","2,606.41","2,598.87","2,601.42","2,601.42","3,006,860,000"
24-Nov-17,"2,600.42","2,604.21","2,600.42","2,602.42","2,602.42","1,349,780,000"
22-Nov-17,"2,600.31","2,600.94","2,595.23","2,597.08","2,597.08","2,762,950,000"
21-Nov-17,"2,589.17","2,601.19","2,589.17","2,599.03","2,599.03","3,332,720,000"
20-Nov-17,"2,579.49","2,584.64","2,578.24","2,582.14","2,582.14","3,003,540,000"
17-Nov-17,"2,582.94","2,583.96","2,577.62","2,578.85","2,578.85","3,300,160,000"
16-Nov-17,"2,572.95","2,590.09","2,572.95","2,585.64","2,585.64","3,312,710,000"
15-Nov-17,"2,569.45","2,572.84","2,557.45","2,564.62","2,564.62","3,558,890,000"
14-Nov-17,"2,577.75","2,579.66","2,566.56","2,578.87","2,578.87","3,641,760,000"
13-Nov-17,"2,576.53","2,587.66","2,574.48","2,584.84","2,584.84","3,402,930,000"
10-Nov-17,"2,580.18","2,583.81","2,575.57","2,582.30","2,582.30","3,486,910,000"
9-Nov-17,"2,584.00","2,586.50","2,566.33","2,584.62","2,584.62","3,831,610,000"
8-Nov-17,"2,588.71","2,595.47","2,585.02","2,594.38","2,594.38","3,899,360,000"
7-Nov-17,"2,592.11","2,597.02","2,584.35","2,590.64","2,590.64","3,809,650,000"
6-Nov-17,"2,587.47","2,593.38","2,585.66","2,591.13","2,591.13","3,539,080,000"
3-Nov-17,"2,581.93","2,588.42","2,576.77","2,587.84","2,587.84","3,567,710,000"
2-Nov-17,"2,579.46","2,581.11","2,566.17","2,579.85","2,579.85","4,048,270,000"
1-Nov-17,"2,583.21","2,588.40","2,574.92","2,579.36","2,579.36","3,813,180,000"
31-Oct-17,"2,575.99","2,578.29","2,572.15","2,575.26","2,575.26","3,827,230,000"
30-Oct-17,"2,577.75","2,580.03","2,568.25","2,572.83","2,572.83","3,658,870,000"
27-Oct-17,"2,570.26","2,582.98","2,565.94","2,581.07","2,581.07","3,887,110,000"
26-Oct-17,"2,560.08","2,567.07","2,559.80","2,560.40","2,560.40","3,869,050,000"
25-Oct-17,"2,566.52","2,567.40","2,544.00","2,557.15","2,557.15","3,874,510,000"
24-Oct-17,"2,568.66","2,572.18","2,565.58","2,569.13","2,569.13","3,427,330,000"
23-Oct-17,"2,578.08","2,578.29","2,564.33","2,564.98","2,564.98","3,211,710,000"
20-Oct-17,"2,567.56","2,575.44","2,567.56","2,575.21","2,575.21","3,384,650,000"
19-Oct-17,"2,553.39","2,562.36","2,547.92","2,562.10","2,562.10","2,990,710,000"
18-Oct-17,"2,562.87","2,564.11","2,559.67","2,561.26","2,561.26","2,998,090,000"
17-Oct-17,"2,557.17","2,559.71","2,554.69","2,559.36","2,559.36","2,889,390,000"
16-Oct-17,"2,555.57","2,559.47","2,552.64","2,557.64","2,557.64","2,916,020,000"
13-Oct-17,"2,555.66","2,557.65","2,552.09","2,553.17","2,553.17","3,149,440,000"
12-Oct-17,"2,552.88","2,555.33","2,548.31","2,550.93","2,550.93","3,151,510,000"
11-Oct-17,"2,550.62","2,555.24","2,547.95","2,555.24","2,555.24","2,976,090,000"
10-Oct-17,"2,549.99","2,555.23","2,544.86","2,550.64","2,550.64","2,960,500,000"
9-Oct-17,"2,551.39","2,551.82","2,541.60","2,544.73","2,544.73","2,483,970,000"
6-Oct-17,"2,547.44","2,549.41","2,543.79","2,549.33","2,549.33","2,884,570,000"
5-Oct-17,"2,540.86","2,552.51","2,540.02","2,552.07","2,552.07","3,045,120,000"
4-Oct-17,"2,533.48","2,540.53","2,531.80","2,537.74","2,537.74","3,017,120,000"
3-Oct-17,"2,530.34","2,535.13","2,528.85","2,534.58","2,534.58","3,068,850,000"
2-Oct-17,"2,521.20","2,529.23","2,520.40","2,529.12","2,529.12","3,199,730,000"
29-Sep-17,"2,509.96","2,519.44","2,507.99","2,519.36","2,519.36","3,211,920,000"
28-Sep-17,"2,503.41","2,510.81","2,502.93","2,510.06","2,510.06","3,168,620,000"
27-Sep-17,"2,503.30","2,511.75","2,495.91","2,507.04","2,507.04","3,456,030,000"
26-Sep-17,"2,501.04","2,503.51","2,495.12","2,496.84","2,496.84","3,043,110,000"
25-Sep-17,"2,499.39","2,502.54","2,488.03","2,496.66","2,496.66","3,297,890,000"
22-Sep-17,"2,497.26","2,503.47","2,496.54","2,502.22","2,502.22","2,865,960,000"
21-Sep-17,"2,507.16","2,507.16","2,499.00","2,500.60","2,500.60","2,930,860,000"
20-Sep-17,"2,506.84","2,508.85","2,496.67","2,508.24","2,508.24","3,530,010,000"
19-Sep-17,"2,506.29","2,507.84","2,503.19","2,506.65","2,506.65","3,249,100,000"
18-Sep-17,"2,502.51","2,508.32","2,499.92","2,503.87","2,503.87","3,194,300,000"
15-Sep-17,"2,495.67","2,500.23","2,493.16","2,500.23","2,500.23","4,853,170,000"
14-Sep-17,"2,494.56","2,498.43","2,491.35","2,495.62","2,495.62","3,414,460,000"
13-Sep-17,"2,493.89","2,498.37","2,492.14","2,498.37","2,498.37","3,368,050,000"
12-Sep-17,"2,491.94","2,496.77","2,490.37","2,496.48","2,496.48","3,230,920,000"
11-Sep-17,"2,474.52","2,488.95","2,474.52","2,488.11","2,488.11","3,291,760,000"
8-Sep-17,"2,462.25","2,467.11","2,459.40","2,461.43","2,461.43","3,302,490,000"
7-Sep-17,"2,468.06","2,468.62","2,460.29","2,465.10","2,465.10","3,353,930,000"
6-Sep-17,"2,463.83","2,469.64","2,459.20","2,465.54","2,465.54","3,374,410,000"
5-Sep-17,"2,470.35","2,471.97","2,446.55","2,457.85","2,457.85","3,490,260,000"
1-Sep-17,"2,474.42","2,480.38","2,473.85","2,476.55","2,476.55","2,710,730,000"
31-Aug-17,"2,462.65","2,475.01","2,462.65","2,471.65","2,471.65","3,348,110,000"
30-Aug-17,"2,446.06","2,460.31","2,443.77","2,457.59","2,457.59","2,633,660,000"
29-Aug-17,"2,431.94","2,449.19","2,428.20","2,446.30","2,446.30","2,737,580,000"
28-Aug-17,"2,447.35","2,449.12","2,439.03","2,444.24","2,444.24","2,677,700,000"
25-Aug-17,"2,444.72","2,453.96","2,442.22","2,443.05","2,443.05","2,588,780,000"
24-Aug-17,"2,447.91","2,450.39","2,436.19","2,438.97","2,438.97","2,846,590,000"
23-Aug-17,"2,444.88","2,448.91","2,441.42","2,444.04","2,444.04","2,785,290,000"
22-Aug-17,"2,433.75","2,454.77","2,433.67","2,452.51","2,452.51","2,777,490,000"
21-Aug-17,"2,425.50","2,430.58","2,417.35","2,428.37","2,428.37","2,788,150,000"
18-Aug-17,"2,427.64","2,440.27","2,420.69","2,425.55","2,425.55","3,415,680,000"
17-Aug-17,"2,462.95","2,465.02","2,430.01","2,430.01","2,430.01","3,142,620,000"
16-Aug-17,"2,468.63","2,474.93","2,463.86","2,468.11","2,468.11","2,953,650,000"
15-Aug-17,"2,468.66","2,468.90","2,461.61","2,464.61","2,464.61","2,913,100,000"
14-Aug-17,"2,454.96","2,468.22","2,454.96","2,465.84","2,465.84","2,822,550,000"
11-Aug-17,"2,441.04","2,448.09","2,437.85","2,441.32","2,441.32","3,159,930,000"
10-Aug-17,"2,465.38","2,465.38","2,437.75","2,438.21","2,438.21","3,621,070,000"
9-Aug-17,"2,465.35","2,474.41","2,462.08","2,474.02","2,474.02","3,308,060,000"
8-Aug-17,"2,478.35","2,490.87","2,470.32","2,474.92","2,474.92","3,344,640,000"
7-Aug-17,"2,477.14","2,480.95","2,475.88","2,480.91","2,480.91","2,931,780,000"
4-Aug-17,"2,476.88","2,480.00","2,472.08","2,476.83","2,476.83","3,235,140,000"
3-Aug-17,"2,476.03","2,476.03","2,468.85","2,472.16","2,472.16","3,645,020,000"
2-Aug-17,"2,480.38","2,480.38","2,466.48","2,477.57","2,477.57","3,478,580,000"
1-Aug-17,"2,477.10","2,478.51","2,471.14","2,476.35","2,476.35","3,460,860,000"
31-Jul-17,"2,475.94","2,477.96","2,468.53","2,470.30","2,470.30","3,469,210,000"
28-Jul-17,"2,469.12","2,473.53","2,464.66","2,472.10","2,472.10","3,294,770,000"
27-Jul-17,"2,482.76","2,484.04","2,459.93","2,475.42","2,475.42","3,995,520,000"
26-Jul-17,"2,479.97","2,481.69","2,474.94","2,477.83","2,477.83","3,557,020,000"
25-Jul-17,"2,477.88","2,481.24","2,474.91","2,477.13","2,477.13","4,108,060,000"
24-Jul-17,"2,472.04","2,473.10","2,466.32","2,469.91","2,469.91","3,010,240,000"
21-Jul-17,"2,467.40","2,472.54","2,465.06","2,472.54","2,472.54","3,059,570,000"
20-Jul-17,"2,475.56","2,477.62","2,468.43","2,473.45","2,473.45","3,182,780,000"
19-Jul-17,"2,463.85","2,473.83","2,463.85","2,473.83","2,473.83","3,059,760,000"
18-Jul-17,"2,455.88","2,460.92","2,450.34","2,460.61","2,460.61","2,962,130,000"
17-Jul-17,"2,459.50","2,462.82","2,457.16","2,459.14","2,459.14","2,793,170,000"
14-Jul-17,"2,449.16","2,463.54","2,446.69","2,459.27","2,459.27","2,736,640,000"
13-Jul-17,"2,444.99","2,449.32","2,441.69","2,447.83","2,447.83","3,067,670,000"
12-Jul-17,"2,435.75","2,445.76","2,435.75","2,443.25","2,443.25","3,171,620,000"
11-Jul-17,"2,427.35","2,429.30","2,412.79","2,425.53","2,425.53","3,106,750,000"
10-Jul-17,"2,424.51","2,432.00","2,422.27","2,427.43","2,427.43","2,999,130,000"
7-Jul-17,"2,413.52","2,426.92","2,413.52","2,425.18","2,425.18","2,901,330,000"
6-Jul-17,"2,423.44","2,424.28","2,407.70","2,409.75","2,409.75","3,364,520,000"
5-Jul-17,"2,430.78","2,434.90","2,422.05","2,432.54","2,432.54","3,367,220,000"
3-Jul-17,"2,431.39","2,439.17","2,428.69","2,429.01","2,429.01","1,962,290,000"
30-Jun-17,"2,429.20","2,432.71","2,421.65","2,423.41","2,423.41","3,361,590,000"
29-Jun-17,"2,442.38","2,442.73","2,405.70","2,419.70","2,419.70","3,900,280,000"
28-Jun-17,"2,428.70","2,442.97","2,428.02","2,440.69","2,440.69","3,500,800,000"
27-Jun-17,"2,436.34","2,440.15","2,419.38","2,419.38","2,419.38","3,563,910,000"
26-Jun-17,"2,443.32","2,450.42","2,437.03","2,439.07","2,439.07","3,238,970,000"
23-Jun-17,"2,434.65","2,441.40","2,431.11","2,438.30","2,438.30","5,278,330,000"
22-Jun-17,"2,437.40","2,441.62","2,433.27","2,434.50","2,434.50","3,468,210,000"
21-Jun-17,"2,439.31","2,442.23","2,430.74","2,435.61","2,435.61","3,594,820,000"
20-Jun-17,"2,450.66","2,450.66","2,436.60","2,437.03","2,437.03","3,416,510,000"
19-Jun-17,"2,442.55","2,453.82","2,441.79","2,453.46","2,453.46","3,264,700,000"
16-Jun-17,"2,431.24","2,433.15","2,422.88","2,433.15","2,433.15","5,284,720,000"
15-Jun-17,"2,424.14","2,433.95","2,418.53","2,432.46","2,432.46","3,353,050,000"
14-Jun-17,"2,443.75","2,443.75","2,428.34","2,437.92","2,437.92","3,555,590,000"
13-Jun-17,"2,434.15","2,441.49","2,431.28","2,440.35","2,440.35","3,275,500,000"
12-Jun-17,"2,425.88","2,430.38","2,419.97","2,429.39","2,429.39","4,027,750,000"
9-Jun-17,"2,436.39","2,446.20","2,415.70","2,431.77","2,431.77","4,027,340,000"
8-Jun-17,"2,434.27","2,439.27","2,427.94","2,433.79","2,433.79","3,728,860,000"
7-Jun-17,"2,432.03","2,435.28","2,424.75","2,433.14","2,433.14","3,572,300,000"
6-Jun-17,"2,431.92","2,436.21","2,428.12","2,429.33","2,429.33","3,357,840,000"
5-Jun-17,"2,437.83","2,439.55","2,434.32","2,436.10","2,436.10","2,912,600,000"
2-Jun-17,"2,431.28","2,440.23","2,427.71","2,439.07","2,439.07","3,461,680,000"
1-Jun-17,"2,415.65","2,430.06","2,413.54","2,430.06","2,430.06","3,857,140,000"
31-May-17,"2,415.63","2,415.99","2,403.59","2,411.80","2,411.80","4,516,110,000"
30-May-17,"2,411.67","2,415.26","2,409.43","2,412.91","2,412.91","3,203,160,000"
26-May-17,"2,414.50","2,416.68","2,412.20","2,415.82","2,415.82","2,805,040,000"
25-May-17,"2,409.54","2,418.71","2,408.01","2,415.07","2,415.07","3,535,390,000"
24-May-17,"2,401.41","2,405.58","2,397.99","2,404.39","2,404.39","3,389,900,000"
23-May-17,"2,397.04","2,400.85","2,393.88","2,398.42","2,398.42","3,213,570,000"
22-May-17,"2,387.21","2,395.46","2,386.92","2,394.02","2,394.02","3,172,830,000"
19-May-17,"2,371.37","2,389.06","2,370.43","2,381.73","2,381.73","3,825,160,000"
18-May-17,"2,354.69","2,375.74","2,352.72","2,365.72","2,365.72","4,319,420,000"
17-May-17,"2,382.95","2,384.87","2,356.21","2,357.03","2,357.03","4,163,000,000"
16-May-17,"2,404.55","2,405.77","2,396.05","2,400.67","2,400.67","3,420,790,000"
15-May-17,"2,393.98","2,404.05","2,393.94","2,402.32","2,402.32","3,473,600,000"
12-May-17,"2,392.44","2,392.44","2,387.19","2,390.90","2,390.90","3,305,630,000"
11-May-17,"2,394.84","2,395.72","2,381.74","2,394.44","2,394.44","3,727,420,000"
10-May-17,"2,396.79","2,399.74","2,392.79","2,399.63","2,399.63","3,643,530,000"
9-May-17,"2,401.58","2,403.87","2,392.44","2,396.92","2,396.92","3,653,590,000"
8-May-17,"2,399.94","2,401.36","2,393.92","2,399.38","2,399.38","3,429,440,000"
5-May-17,"2,392.37","2,399.29","2,389.38","2,399.29","2,399.29","3,540,140,000"
4-May-17,"2,389.79","2,391.43","2,380.35","2,389.52","2,389.52","4,362,540,000"
3-May-17,"2,386.50","2,389.82","2,379.75","2,388.13","2,388.13","3,893,990,000"
2-May-17,"2,391.05","2,392.93","2,385.82","2,391.17","2,391.17","3,813,680,000"
1-May-17,"2,388.50","2,394.49","2,384.83","2,388.33","2,388.33","3,199,240,000"
28-Apr-17,"2,393.68","2,393.68","2,382.36","2,384.20","2,384.20","3,718,270,000"
27-Apr-17,"2,389.70","2,392.10","2,382.68","2,388.77","2,388.77","4,098,460,000"
26-Apr-17,"2,388.98","2,398.16","2,386.78","2,387.45","2,387.45","4,105,920,000"
25-Apr-17,"2,381.51","2,392.48","2,381.15","2,388.61","2,388.61","3,995,240,000"
24-Apr-17,"2,370.33","2,376.98","2,369.19","2,374.15","2,374.15","3,690,650,000"
21-Apr-17,"2,354.74","2,356.18","2,344.51","2,348.69","2,348.69","3,503,360,000"
20-Apr-17,"2,342.69","2,361.37","2,340.91","2,355.84","2,355.84","3,647,420,000"
19-Apr-17,"2,346.79","2,352.63","2,335.05","2,338.17","2,338.17","3,519,900,000"
18-Apr-17,"2,342.53","2,348.35","2,334.54","2,342.19","2,342.19","3,269,840,000"
17-Apr-17,"2,332.62","2,349.14","2,332.51","2,349.01","2,349.01","2,824,710,000"
13-Apr-17,"2,341.98","2,348.26","2,328.95","2,328.95","2,328.95","3,143,890,000"
12-Apr-17,"2,352.15","2,352.72","2,341.18","2,344.93","2,344.93","3,196,950,000"
11-Apr-17,"2,353.92","2,355.22","2,337.25","2,353.78","2,353.78","3,117,420,000"
10-Apr-17,"2,357.16","2,366.37","2,351.50","2,357.16","2,357.16","2,785,410,000"
7-Apr-17,"2,356.59","2,363.76","2,350.74","2,355.54","2,355.54","3,053,150,000"
6-Apr-17,"2,353.79","2,364.16","2,348.90","2,357.49","2,357.49","3,201,920,000"
5-Apr-17,"2,366.59","2,378.36","2,350.52","2,352.95","2,352.95","3,770,520,000"
4-Apr-17,"2,354.76","2,360.53","2,350.72","2,360.16","2,360.16","3,206,240,000"
3-Apr-17,"2,362.34","2,365.87","2,344.73","2,358.84","2,358.84","3,416,400,000"
31-Mar-17,"2,364.82","2,370.35","2,362.60","2,362.72","2,362.72","3,354,110,000"
30-Mar-17,"2,361.31","2,370.42","2,358.58","2,368.06","2,368.06","3,158,420,000"
29-Mar-17,"2,356.54","2,363.36","2,352.94","2,361.13","2,361.13","3,106,940,000"
28-Mar-17,"2,339.79","2,363.78","2,337.63","2,358.57","2,358.57","3,367,780,000"
27-Mar-17,"2,329.11","2,344.90","2,322.25","2,341.59","2,341.59","3,240,230,000"
24-Mar-17,"2,350.42","2,356.22","2,335.74","2,343.98","2,343.98","2,975,130,000"
23-Mar-17,"2,345.97","2,358.92","2,342.13","2,345.96","2,345.96","3,260,600,000"
22-Mar-17,"2,343.00","2,351.81","2,336.45","2,348.45","2,348.45","3,572,730,000"
21-Mar-17,"2,379.32","2,381.93","2,341.90","2,344.02","2,344.02","4,265,590,000"
20-Mar-17,"2,378.24","2,379.55","2,369.66","2,373.47","2,373.47","3,054,930,000"
17-Mar-17,"2,383.71","2,385.71","2,377.64","2,378.25","2,378.25","5,178,040,000"
16-Mar-17,"2,387.71","2,388.10","2,377.18","2,381.38","2,381.38","3,365,660,000"
15-Mar-17,"2,370.34","2,390.01","2,368.94","2,385.26","2,385.26","3,906,840,000"
14-Mar-17,"2,368.55","2,368.55","2,358.18","2,365.45","2,365.45","3,172,630,000"
13-Mar-17,"2,371.56","2,374.42","2,368.52","2,373.47","2,373.47","3,133,900,000"
10-Mar-17,"2,372.52","2,376.86","2,363.04","2,372.60","2,372.60","3,432,950,000"
9-Mar-17,"2,363.49","2,369.08","2,354.54","2,364.87","2,364.87","3,716,340,000"
8-Mar-17,"2,369.81","2,373.09","2,361.01","2,362.98","2,362.98","3,812,100,000"
7-Mar-17,"2,370.74","2,375.12","2,365.51","2,368.39","2,368.39","3,518,390,000"
6-Mar-17,"2,375.23","2,378.80","2,367.98","2,375.31","2,375.31","3,232,700,000"
3-Mar-17,"2,380.92","2,383.89","2,375.39","2,383.12","2,383.12","3,555,260,000"
2-Mar-17,"2,394.75","2,394.75","2,380.17","2,381.92","2,381.92","3,821,320,000"
1-Mar-17,"2,380.13","2,400.98","2,380.13","2,395.96","2,395.96","4,345,180,000"
28-Feb-17,"2,366.08","2,367.79","2,358.96","2,363.64","2,363.64","4,210,140,000"
27-Feb-17,"2,365.23","2,371.54","2,361.87","2,369.75","2,369.75","3,582,610,000"
24-Feb-17,"2,355.73","2,367.34","2,352.87","2,367.34","2,367.34","3,831,570,000"
23-Feb-17,"2,367.50","2,368.26","2,355.09","2,363.81","2,363.81","4,015,260,000"
22-Feb-17,"2,361.11","2,365.13","2,358.34","2,362.82","2,362.82","3,468,670,000"
21-Feb-17,"2,354.91","2,366.71","2,354.91","2,365.38","2,365.38","3,579,780,000"
17-Feb-17,"2,343.01","2,351.16","2,339.58","2,351.16","2,351.16","3,513,060,000"
16-Feb-17,"2,349.64","2,351.31","2,338.87","2,347.22","2,347.22","3,672,370,000"
15-Feb-17,"2,335.58","2,351.30","2,334.81","2,349.25","2,349.25","3,775,590,000"
14-Feb-17,"2,326.12","2,337.58","2,322.17","2,337.58","2,337.58","3,520,910,000"
13-Feb-17,"2,321.72","2,331.58","2,321.42","2,328.25","2,328.25","3,349,730,000"
10-Feb-17,"2,312.27","2,319.23","2,311.10","2,316.10","2,316.10","3,475,020,000"
9-Feb-17,"2,296.70","2,311.08","2,296.61","2,307.87","2,307.87","3,677,940,000"
8-Feb-17,"2,289.55","2,295.91","2,285.38","2,294.67","2,294.67","3,609,740,000"
7-Feb-17,"2,295.87","2,299.40","2,290.16","2,293.08","2,293.08","3,448,690,000"
6-Feb-17,"2,294.28","2,296.18","2,288.57","2,292.56","2,292.56","3,109,050,000"
3-Feb-17,"2,288.54","2,298.31","2,287.88","2,297.42","2,297.42","3,597,970,000"
2-Feb-17,"2,276.69","2,283.97","2,271.65","2,280.85","2,280.85","3,807,710,000"
1-Feb-17,"2,285.59","2,289.14","2,272.44","2,279.55","2,279.55","3,916,610,000"
31-Jan-17,"2,274.02","2,279.09","2,267.21","2,278.87","2,278.87","4,087,450,000"
30-Jan-17,"2,286.01","2,286.01","2,268.04","2,280.90","2,280.90","3,591,270,000"
27-Jan-17,"2,299.02","2,299.02","2,291.62","2,294.69","2,294.69","3,135,890,000"
26-Jan-17,"2,298.63","2,300.99","2,294.08","2,296.68","2,296.68","3,610,360,000"
25-Jan-17,"2,288.88","2,299.55","2,288.88","2,298.37","2,298.37","3,846,020,000"
24-Jan-17,"2,267.88","2,284.63","2,266.68","2,280.07","2,280.07","3,810,960,000"
23-Jan-17,"2,267.78","2,271.78","2,257.02","2,265.20","2,265.20","3,152,710,000"
20-Jan-17,"2,269.96","2,276.96","2,265.01","2,271.31","2,271.31","3,524,970,000"
